-- ============================================================
-- Aigenius — Multi-User Shop Worlds demo data
-- Re-importable seed (REPLACE INTO; data-only, non-destructive).
--
-- Contents:
--   * users              — 2 demo parent accounts
--   * genius_profiles    — 60 world shops (GENIUS-WORLD-01..60) + GENIUS-DEMO
--   * aipreneur_business — their 61 launched shops (unique names + decor)
--
-- Import into a DB that already has the schema (migrations run):
--   docker exec -i aigenius-mysql mysql -uaigenius -paigenius aigenius < world_demo_seed.sql
--
-- Login after import:  Genius ID = GENIUS-DEMO   Password = Kid123!
-- ============================================================

SET FOREIGN_KEY_CHECKS=0;


/*!40101 SET @OLD_CHARACTER_SET_CLIENT=@@CHARACTER_SET_CLIENT */;
/*!40101 SET @OLD_CHARACTER_SET_RESULTS=@@CHARACTER_SET_RESULTS */;
/*!40101 SET @OLD_COLLATION_CONNECTION=@@COLLATION_CONNECTION */;
/*!50503 SET NAMES utf8mb4 */;
/*!40103 SET @OLD_TIME_ZONE=@@TIME_ZONE */;
/*!40103 SET TIME_ZONE='+00:00' */;
/*!40014 SET @OLD_UNIQUE_CHECKS=@@UNIQUE_CHECKS, UNIQUE_CHECKS=0 */;
/*!40014 SET @OLD_FOREIGN_KEY_CHECKS=@@FOREIGN_KEY_CHECKS, FOREIGN_KEY_CHECKS=0 */;
/*!40101 SET @OLD_SQL_MODE=@@SQL_MODE, SQL_MODE='NO_AUTO_VALUE_ON_ZERO' */;
/*!40111 SET @OLD_SQL_NOTES=@@SQL_NOTES, SQL_NOTES=0 */;

/*!40000 ALTER TABLE `users` DISABLE KEYS */;
REPLACE INTO `users` (`id`, `email`, `password_hash`, `name`, `role`, `is_superadmin`, `teacher_id`, `parent_ids`, `persona_quiz_completed`, `persona_quiz_date`, `phone_number`, `country_code`, `location`, `age`, `grade`, `city`, `state`, `referral_code`, `remember_token`, `created_at`, `updated_at`) VALUES ('019eb5a0-6e9f-72e9-8346-f36a8e756007','parent@aigenius.com.my','$2y$12$jRsxiCfrjhNKKWfIljDMI.Q2QdtFI3.lTeyiJJcPa9I/ciCTxj6VG','Demo Parent','parent',0,NULL,NULL,0,NULL,NULL,NULL,NULL,NULL,NULL,NULL,NULL,NULL,NULL,'2026-06-10 23:40:50','2026-06-10 23:40:50');
REPLACE INTO `users` (`id`, `email`, `password_hash`, `name`, `role`, `is_superadmin`, `teacher_id`, `parent_ids`, `persona_quiz_completed`, `persona_quiz_date`, `phone_number`, `country_code`, `location`, `age`, `grade`, `city`, `state`, `referral_code`, `remember_token`, `created_at`, `updated_at`) VALUES ('019eb587-df60-71ee-9f25-c26c0a2ac7b6','world-shops@aigenius.com.my','$2y$12$xU9ONQ2S..daAQJEuhV.ouoeFw9DMB6rZsojm/ZlxUuG11vhdIUia','World Shops Demo Parent','parent',0,NULL,NULL,0,NULL,NULL,NULL,NULL,NULL,NULL,NULL,NULL,NULL,NULL,'2026-06-10 23:14:01','2026-06-11 00:45:25');
/*!40000 ALTER TABLE `users` ENABLE KEYS */;
/*!40103 SET TIME_ZONE=@OLD_TIME_ZONE */;

/*!40101 SET SQL_MODE=@OLD_SQL_MODE */;
/*!40014 SET FOREIGN_KEY_CHECKS=@OLD_FOREIGN_KEY_CHECKS */;
/*!40014 SET UNIQUE_CHECKS=@OLD_UNIQUE_CHECKS */;
/*!40101 SET CHARACTER_SET_CLIENT=@OLD_CHARACTER_SET_CLIENT */;
/*!40101 SET CHARACTER_SET_RESULTS=@OLD_CHARACTER_SET_RESULTS */;
/*!40101 SET COLLATION_CONNECTION=@OLD_COLLATION_CONNECTION */;
/*!40111 SET SQL_NOTES=@OLD_SQL_NOTES */;


/*!40101 SET @OLD_CHARACTER_SET_CLIENT=@@CHARACTER_SET_CLIENT */;
/*!40101 SET @OLD_CHARACTER_SET_RESULTS=@@CHARACTER_SET_RESULTS */;
/*!40101 SET @OLD_COLLATION_CONNECTION=@@COLLATION_CONNECTION */;
/*!50503 SET NAMES utf8mb4 */;
/*!40103 SET @OLD_TIME_ZONE=@@TIME_ZONE */;
/*!40103 SET TIME_ZONE='+00:00' */;
/*!40014 SET @OLD_UNIQUE_CHECKS=@@UNIQUE_CHECKS, UNIQUE_CHECKS=0 */;
/*!40014 SET @OLD_FOREIGN_KEY_CHECKS=@@FOREIGN_KEY_CHECKS, FOREIGN_KEY_CHECKS=0 */;
/*!40101 SET @OLD_SQL_MODE=@@SQL_MODE, SQL_MODE='NO_AUTO_VALUE_ON_ZERO' */;
/*!40111 SET @OLD_SQL_NOTES=@@SQL_NOTES, SQL_NOTES=0 */;

/*!40000 ALTER TABLE `genius_profiles` DISABLE KEYS */;
REPLACE INTO `genius_profiles` (`id`, `parent_id`, `genius_id`, `genius_name`, `password_hash`, `gender`, `date_of_birth`, `profile_picture_url`, `selfie_url`, `signboard_url`, `age`, `persona_quiz_completed`, `persona_quiz_date`, `passion_category`, `aipreneur_shop_name`, `aipreneur_onboarding_completed`, `onboarding_stage`, `remember_token`, `created_at`, `updated_at`) VALUES ('019eb587-e060-7350-aaa1-e366bcb0b02e','019eb587-df60-71ee-9f25-c26c0a2ac7b6','GENIUS-WORLD-01','Timmy','$2y$12$IXTU0IO/ljWhFfyOVzdVJ.qlAM8FkNGGjzIv3Q9UgeuhTCcHsAjLS','other',NULL,NULL,NULL,NULL,10,0,NULL,'ice_cream','Frozen Paradise',1,'completed',NULL,'2026-06-10 23:14:01','2026-06-11 00:45:25');
REPLACE INTO `genius_profiles` (`id`, `parent_id`, `genius_id`, `genius_name`, `password_hash`, `gender`, `date_of_birth`, `profile_picture_url`, `selfie_url`, `signboard_url`, `age`, `persona_quiz_completed`, `persona_quiz_date`, `passion_category`, `aipreneur_shop_name`, `aipreneur_onboarding_completed`, `onboarding_stage`, `remember_token`, `created_at`, `updated_at`) VALUES ('019eb587-e15a-7093-ae7c-c59c116d582d','019eb587-df60-71ee-9f25-c26c0a2ac7b6','GENIUS-WORLD-02','Sofia','$2y$12$nFOsxIvJrwpnzYlkyisBn.J3oq4e3qHubWmqGivOJYkvlv0vbAgMK','other',NULL,NULL,NULL,NULL,10,0,NULL,'pets','Bark Avenue Cafe',1,'completed',NULL,'2026-06-10 23:14:01','2026-06-11 00:45:26');
REPLACE INTO `genius_profiles` (`id`, `parent_id`, `genius_id`, `genius_name`, `password_hash`, `gender`, `date_of_birth`, `profile_picture_url`, `selfie_url`, `signboard_url`, `age`, `persona_quiz_completed`, `persona_quiz_date`, `passion_category`, `aipreneur_shop_name`, `aipreneur_onboarding_completed`, `onboarding_stage`, `remember_token`, `created_at`, `updated_at`) VALUES ('019eb587-e24a-703b-84bf-0d93d9316727','019eb587-df60-71ee-9f25-c26c0a2ac7b6','GENIUS-WORLD-03','Leo','$2y$12$qYS8LwBK1J9cYYy6Nr8gEe2O1vDEAPp3jN9/VFM43JoagDwOtQpw6','other',NULL,NULL,NULL,NULL,10,0,NULL,'games','Pixel Arcade',1,'completed',NULL,'2026-06-10 23:14:01','2026-06-11 00:45:26');
REPLACE INTO `genius_profiles` (`id`, `parent_id`, `genius_id`, `genius_name`, `password_hash`, `gender`, `date_of_birth`, `profile_picture_url`, `selfie_url`, `signboard_url`, `age`, `persona_quiz_completed`, `persona_quiz_date`, `passion_category`, `aipreneur_shop_name`, `aipreneur_onboarding_completed`, `onboarding_stage`, `remember_token`, `created_at`, `updated_at`) VALUES ('019eb587-e339-72b0-b2fb-fdc41fe5cbd7','019eb587-df60-71ee-9f25-c26c0a2ac7b6','GENIUS-WORLD-04','Maya','$2y$12$wSYA4PnQLMK8Sno0FseLV.RsOTwb9/WMbyi7a0PcjuTTA4lyo/AFe','other',NULL,NULL,NULL,NULL,10,0,NULL,'bakery','Sunrise Bakery',1,'completed',NULL,'2026-06-10 23:14:02','2026-06-11 00:45:26');
REPLACE INTO `genius_profiles` (`id`, `parent_id`, `genius_id`, `genius_name`, `password_hash`, `gender`, `date_of_birth`, `profile_picture_url`, `selfie_url`, `signboard_url`, `age`, `persona_quiz_completed`, `persona_quiz_date`, `passion_category`, `aipreneur_shop_name`, `aipreneur_onboarding_completed`, `onboarding_stage`, `remember_token`, `created_at`, `updated_at`) VALUES ('019eb587-e42a-7138-a59e-a4f34ac97a05','019eb587-df60-71ee-9f25-c26c0a2ac7b6','GENIUS-WORLD-05','Ethan','$2y$12$R3GviwPUaP1i9ipRlpsvC.MIqpwHI.71xio5nrSfqbvk71sT/RWUW','other',NULL,NULL,NULL,NULL,10,0,NULL,'cars','Turbo Toy Garage',1,'completed',NULL,'2026-06-10 23:14:02','2026-06-11 00:45:26');
REPLACE INTO `genius_profiles` (`id`, `parent_id`, `genius_id`, `genius_name`, `password_hash`, `gender`, `date_of_birth`, `profile_picture_url`, `selfie_url`, `signboard_url`, `age`, `persona_quiz_completed`, `persona_quiz_date`, `passion_category`, `aipreneur_shop_name`, `aipreneur_onboarding_completed`, `onboarding_stage`, `remember_token`, `created_at`, `updated_at`) VALUES ('019eb587-e51a-7116-964c-17790a40ca39','019eb587-df60-71ee-9f25-c26c0a2ac7b6','GENIUS-WORLD-06','Hana','$2y$12$Fh4bvCHWxxkjHXqgbDrRoe8AhSsPaccbEfPskU7EIkhFVyLF3j4qW','other',NULL,NULL,NULL,NULL,10,0,NULL,'drinks','Bubble Tea Bay',1,'completed',NULL,'2026-06-10 23:14:02','2026-06-11 00:45:27');
REPLACE INTO `genius_profiles` (`id`, `parent_id`, `genius_id`, `genius_name`, `password_hash`, `gender`, `date_of_birth`, `profile_picture_url`, `selfie_url`, `signboard_url`, `age`, `persona_quiz_completed`, `persona_quiz_date`, `passion_category`, `aipreneur_shop_name`, `aipreneur_onboarding_completed`, `onboarding_stage`, `remember_token`, `created_at`, `updated_at`) VALUES ('019eb587-e60b-727d-8c4d-5d7e410fb428','019eb587-df60-71ee-9f25-c26c0a2ac7b6','GENIUS-WORLD-07','Aiden','$2y$12$HIsE/MBJc.5HavRCCT2LRevSoyFi0gTe87s9Rz8DL4GsrpOdxz3ZS','other',NULL,NULL,NULL,NULL,10,0,NULL,'art','Doodle Art Studio',1,'completed',NULL,'2026-06-10 23:14:02','2026-06-11 00:45:27');
REPLACE INTO `genius_profiles` (`id`, `parent_id`, `genius_id`, `genius_name`, `password_hash`, `gender`, `date_of_birth`, `profile_picture_url`, `selfie_url`, `signboard_url`, `age`, `persona_quiz_completed`, `persona_quiz_date`, `passion_category`, `aipreneur_shop_name`, `aipreneur_onboarding_completed`, `onboarding_stage`, `remember_token`, `created_at`, `updated_at`) VALUES ('019eb587-e6fc-72f4-a221-8506a6fa562f','019eb587-df60-71ee-9f25-c26c0a2ac7b6','GENIUS-WORLD-08','Lily','$2y$12$e6qAp17y8GNV9PSUqHWOvO1ngNlPjGDqWotHXUx9k7wClZ.YcVMEO','other',NULL,NULL,NULL,NULL,10,0,NULL,'nature','Green Sprout Shop',1,'completed',NULL,'2026-06-10 23:14:03','2026-06-11 00:45:27');
REPLACE INTO `genius_profiles` (`id`, `parent_id`, `genius_id`, `genius_name`, `password_hash`, `gender`, `date_of_birth`, `profile_picture_url`, `selfie_url`, `signboard_url`, `age`, `persona_quiz_completed`, `persona_quiz_date`, `passion_category`, `aipreneur_shop_name`, `aipreneur_onboarding_completed`, `onboarding_stage`, `remember_token`, `created_at`, `updated_at`) VALUES ('019eb587-e7eb-7224-be08-d0044b3c9951','019eb587-df60-71ee-9f25-c26c0a2ac7b6','GENIUS-WORLD-09','Noah','$2y$12$6g3vKSpO4clqBdPtkb6XZu2YnS1GISSqp8MQokSxnr8Y/QlEuRAIO','other',NULL,NULL,NULL,NULL,10,0,NULL,'ice_cream','Scoops & Smiles',1,'completed',NULL,'2026-06-10 23:14:03','2026-06-11 00:45:27');
REPLACE INTO `genius_profiles` (`id`, `parent_id`, `genius_id`, `genius_name`, `password_hash`, `gender`, `date_of_birth`, `profile_picture_url`, `selfie_url`, `signboard_url`, `age`, `persona_quiz_completed`, `persona_quiz_date`, `passion_category`, `aipreneur_shop_name`, `aipreneur_onboarding_completed`, `onboarding_stage`, `remember_token`, `created_at`, `updated_at`) VALUES ('019eb587-e8db-7238-840a-99550b3bbb7c','019eb587-df60-71ee-9f25-c26c0a2ac7b6','GENIUS-WORLD-10','Zoe','$2y$12$O2QjMpQqojdr4OIcDKqCSeSPef6MJH5puD2zPjbtNYd7FJfAsrsLW','other',NULL,NULL,NULL,NULL,10,0,NULL,'pets','Whisker Wonderland',1,'completed',NULL,'2026-06-10 23:14:03','2026-06-11 00:45:28');
REPLACE INTO `genius_profiles` (`id`, `parent_id`, `genius_id`, `genius_name`, `password_hash`, `gender`, `date_of_birth`, `profile_picture_url`, `selfie_url`, `signboard_url`, `age`, `persona_quiz_completed`, `persona_quiz_date`, `passion_category`, `aipreneur_shop_name`, `aipreneur_onboarding_completed`, `onboarding_stage`, `remember_token`, `created_at`, `updated_at`) VALUES ('019eb587-e9ca-7018-a3b9-dacb34d0c8c8','019eb587-df60-71ee-9f25-c26c0a2ac7b6','GENIUS-WORLD-11','Kai','$2y$12$gKLNjr6JrYLsD6lax2dWnOrRPZVZFqpYE.4YhzlSWc3nz7s9qkZRG','other',NULL,NULL,NULL,NULL,10,0,NULL,'games','Game Over Lounge',1,'completed',NULL,'2026-06-10 23:14:03','2026-06-11 00:45:28');
REPLACE INTO `genius_profiles` (`id`, `parent_id`, `genius_id`, `genius_name`, `password_hash`, `gender`, `date_of_birth`, `profile_picture_url`, `selfie_url`, `signboard_url`, `age`, `persona_quiz_completed`, `persona_quiz_date`, `passion_category`, `aipreneur_shop_name`, `aipreneur_onboarding_completed`, `onboarding_stage`, `remember_token`, `created_at`, `updated_at`) VALUES ('019eb587-eaba-70fb-bbbf-625642e1ef0d','019eb587-df60-71ee-9f25-c26c0a2ac7b6','GENIUS-WORLD-12','Aria','$2y$12$.jzyt5MSaa/1LyZ/nGzFjuQilcs8wAr..VRyI/nesiDvAYBGOwFgK','other',NULL,NULL,NULL,NULL,10,0,NULL,'bakery','Sweet Crumb Corner',1,'completed',NULL,'2026-06-10 23:14:04','2026-06-11 00:45:28');
REPLACE INTO `genius_profiles` (`id`, `parent_id`, `genius_id`, `genius_name`, `password_hash`, `gender`, `date_of_birth`, `profile_picture_url`, `selfie_url`, `signboard_url`, `age`, `persona_quiz_completed`, `persona_quiz_date`, `passion_category`, `aipreneur_shop_name`, `aipreneur_onboarding_completed`, `onboarding_stage`, `remember_token`, `created_at`, `updated_at`) VALUES ('019eb587-eba9-7232-843d-cb70be2b0152','019eb587-df60-71ee-9f25-c26c0a2ac7b6','GENIUS-WORLD-13','Lucas','$2y$12$/.e4aOi7aqqcAt/6tw98iuL7hyo3lP3dhHYDqav.EC8WAnpCt2svi','other',NULL,NULL,NULL,NULL,10,0,NULL,'cars','Speedy Wheels',1,'completed',NULL,'2026-06-10 23:14:04','2026-06-11 00:45:28');
REPLACE INTO `genius_profiles` (`id`, `parent_id`, `genius_id`, `genius_name`, `password_hash`, `gender`, `date_of_birth`, `profile_picture_url`, `selfie_url`, `signboard_url`, `age`, `persona_quiz_completed`, `persona_quiz_date`, `passion_category`, `aipreneur_shop_name`, `aipreneur_onboarding_completed`, `onboarding_stage`, `remember_token`, `created_at`, `updated_at`) VALUES ('019eb587-ec99-7228-9ee6-14d4bb6455d7','019eb587-df60-71ee-9f25-c26c0a2ac7b6','GENIUS-WORLD-14','Mila','$2y$12$2SQlIklbfGmCwn0yWxmRU..ae3.7ubA4PHdPrZvioJh2tCdrwPn4u','other',NULL,NULL,NULL,NULL,10,0,NULL,'drinks','Fizz & Pop Drinks',1,'completed',NULL,'2026-06-10 23:14:04','2026-06-11 00:45:29');
REPLACE INTO `genius_profiles` (`id`, `parent_id`, `genius_id`, `genius_name`, `password_hash`, `gender`, `date_of_birth`, `profile_picture_url`, `selfie_url`, `signboard_url`, `age`, `persona_quiz_completed`, `persona_quiz_date`, `passion_category`, `aipreneur_shop_name`, `aipreneur_onboarding_completed`, `onboarding_stage`, `remember_token`, `created_at`, `updated_at`) VALUES ('019eb587-ed95-727b-a16f-115924b6500e','019eb587-df60-71ee-9f25-c26c0a2ac7b6','GENIUS-WORLD-15','Oliver','$2y$12$F03bQWzIJZd4K1uuh7NHeuvjWM8NGrG7TwNd/E8lWGcDd3KDzZ32q','other',NULL,NULL,NULL,NULL,10,0,NULL,'art','Rainbow Canvas',1,'completed',NULL,'2026-06-10 23:14:04','2026-06-11 00:45:29');
REPLACE INTO `genius_profiles` (`id`, `parent_id`, `genius_id`, `genius_name`, `password_hash`, `gender`, `date_of_birth`, `profile_picture_url`, `selfie_url`, `signboard_url`, `age`, `persona_quiz_completed`, `persona_quiz_date`, `passion_category`, `aipreneur_shop_name`, `aipreneur_onboarding_completed`, `onboarding_stage`, `remember_token`, `created_at`, `updated_at`) VALUES ('019eb587-ee8b-7155-8cf1-933d42f890eb','019eb587-df60-71ee-9f25-c26c0a2ac7b6','GENIUS-WORLD-16','Ava','$2y$12$b3XaSEowW4etucFB48TRAurjE9FEgwwMJy1I4ZflPG03OJ9w62ClO','other',NULL,NULL,NULL,NULL,10,0,NULL,'nature','Leafy Greens Market',1,'completed',NULL,'2026-06-10 23:14:05','2026-06-11 00:45:29');
REPLACE INTO `genius_profiles` (`id`, `parent_id`, `genius_id`, `genius_name`, `password_hash`, `gender`, `date_of_birth`, `profile_picture_url`, `selfie_url`, `signboard_url`, `age`, `persona_quiz_completed`, `persona_quiz_date`, `passion_category`, `aipreneur_shop_name`, `aipreneur_onboarding_completed`, `onboarding_stage`, `remember_token`, `created_at`, `updated_at`) VALUES ('019eb587-ef7c-739d-bd00-260fbb80880a','019eb587-df60-71ee-9f25-c26c0a2ac7b6','GENIUS-WORLD-17','Ryan','$2y$12$nffjm2OKjV7fZdFJ5dnjtuki9EMLGus1fnMfb9CgivXG4GDlDknbe','other',NULL,NULL,NULL,NULL,10,0,NULL,'ice_cream','Gelato Galaxy',1,'completed',NULL,'2026-06-10 23:14:05','2026-06-11 00:45:29');
REPLACE INTO `genius_profiles` (`id`, `parent_id`, `genius_id`, `genius_name`, `password_hash`, `gender`, `date_of_birth`, `profile_picture_url`, `selfie_url`, `signboard_url`, `age`, `persona_quiz_completed`, `persona_quiz_date`, `passion_category`, `aipreneur_shop_name`, `aipreneur_onboarding_completed`, `onboarding_stage`, `remember_token`, `created_at`, `updated_at`) VALUES ('019eb587-f096-70e3-be40-8c4cd9e7905f','019eb587-df60-71ee-9f25-c26c0a2ac7b6','GENIUS-WORLD-18','Emma','$2y$12$/jhnIn2/p8n55w4jpnyvCOczlV65Dd/lnNra28wRY5vtPi4WUhqle','other',NULL,NULL,NULL,NULL,10,0,NULL,'pets','Pawfect Pet Stop',1,'completed',NULL,'2026-06-10 23:14:05','2026-06-11 00:45:30');
REPLACE INTO `genius_profiles` (`id`, `parent_id`, `genius_id`, `genius_name`, `password_hash`, `gender`, `date_of_birth`, `profile_picture_url`, `selfie_url`, `signboard_url`, `age`, `persona_quiz_completed`, `persona_quiz_date`, `passion_category`, `aipreneur_shop_name`, `aipreneur_onboarding_completed`, `onboarding_stage`, `remember_token`, `created_at`, `updated_at`) VALUES ('019eb587-f187-724d-92d0-538d4ddb87c3','019eb587-df60-71ee-9f25-c26c0a2ac7b6','GENIUS-WORLD-19','Mason','$2y$12$w6YPKFi1J12.2GRHbAob3e0VbOHd0ppBjUMqkeKNQtE9v8c5TcYyq','other',NULL,NULL,NULL,NULL,10,0,NULL,'games','Joystick Junction',1,'completed',NULL,'2026-06-10 23:14:05','2026-06-11 00:45:30');
REPLACE INTO `genius_profiles` (`id`, `parent_id`, `genius_id`, `genius_name`, `password_hash`, `gender`, `date_of_birth`, `profile_picture_url`, `selfie_url`, `signboard_url`, `age`, `persona_quiz_completed`, `persona_quiz_date`, `passion_category`, `aipreneur_shop_name`, `aipreneur_onboarding_completed`, `onboarding_stage`, `remember_token`, `created_at`, `updated_at`) VALUES ('019eb587-f277-719d-b86d-d4cbc4425c62','019eb587-df60-71ee-9f25-c26c0a2ac7b6','GENIUS-WORLD-20','Chloe','$2y$12$amglSIg6mn1cmFm8aJdZQOSq.CplvjaYD.460HqzqiuDhmgNWSuBi','other',NULL,NULL,NULL,NULL,10,0,NULL,'bakery','Muffin Magic',1,'completed',NULL,'2026-06-10 23:14:06','2026-06-11 00:45:30');
REPLACE INTO `genius_profiles` (`id`, `parent_id`, `genius_id`, `genius_name`, `password_hash`, `gender`, `date_of_birth`, `profile_picture_url`, `selfie_url`, `signboard_url`, `age`, `persona_quiz_completed`, `persona_quiz_date`, `passion_category`, `aipreneur_shop_name`, `aipreneur_onboarding_completed`, `onboarding_stage`, `remember_token`, `created_at`, `updated_at`) VALUES ('019eb58f-36bc-7119-9d25-1a2f44ff9fcb','019eb587-df60-71ee-9f25-c26c0a2ac7b6','GENIUS-WORLD-21','Ravi','$2y$12$JCDUzvMooqkbs02AGayi9.dfBNHY.H6CB5qo/BckA6zdHnVrewC0O','other',NULL,NULL,NULL,NULL,10,0,NULL,'cars','Cosmic Cones',1,'completed',NULL,'2026-06-10 23:22:02','2026-06-11 00:45:30');
REPLACE INTO `genius_profiles` (`id`, `parent_id`, `genius_id`, `genius_name`, `password_hash`, `gender`, `date_of_birth`, `profile_picture_url`, `selfie_url`, `signboard_url`, `age`, `persona_quiz_completed`, `persona_quiz_date`, `passion_category`, `aipreneur_shop_name`, `aipreneur_onboarding_completed`, `onboarding_stage`, `remember_token`, `created_at`, `updated_at`) VALUES ('019eb58f-37ad-71a5-9755-212de4962b96','019eb587-df60-71ee-9f25-c26c0a2ac7b6','GENIUS-WORLD-22','Nadia','$2y$12$T/KvXocud6MUqcnp8O2YWum/bbqQ2fgj5RLAQm.3ELXZIMvNMO9ze','other',NULL,NULL,NULL,NULL,10,0,NULL,'drinks','Puppy Palace',1,'completed',NULL,'2026-06-10 23:22:02','2026-06-11 00:45:31');
REPLACE INTO `genius_profiles` (`id`, `parent_id`, `genius_id`, `genius_name`, `password_hash`, `gender`, `date_of_birth`, `profile_picture_url`, `selfie_url`, `signboard_url`, `age`, `persona_quiz_completed`, `persona_quiz_date`, `passion_category`, `aipreneur_shop_name`, `aipreneur_onboarding_completed`, `onboarding_stage`, `remember_token`, `created_at`, `updated_at`) VALUES ('019eb58f-389d-71e5-9451-4af03680c679','019eb587-df60-71ee-9f25-c26c0a2ac7b6','GENIUS-WORLD-23','Jayden','$2y$12$mydAGxljWJ8PUaVEwaN1meU1IWzdAasmnUUw6IBPtAgW4VThS05JW','other',NULL,NULL,NULL,NULL,10,0,NULL,'art','Retro Realm',1,'completed',NULL,'2026-06-10 23:22:02','2026-06-11 00:45:31');
REPLACE INTO `genius_profiles` (`id`, `parent_id`, `genius_id`, `genius_name`, `password_hash`, `gender`, `date_of_birth`, `profile_picture_url`, `selfie_url`, `signboard_url`, `age`, `persona_quiz_completed`, `persona_quiz_date`, `passion_category`, `aipreneur_shop_name`, `aipreneur_onboarding_completed`, `onboarding_stage`, `remember_token`, `created_at`, `updated_at`) VALUES ('019eb58f-398e-7239-8cdd-6ff81b6b006a','019eb587-df60-71ee-9f25-c26c0a2ac7b6','GENIUS-WORLD-24','Isla','$2y$12$ET1/fxVES1DJRS4b9OLe8OYYlXifgcIH.6N0B1AXrPOoYjIzWcLIK','other',NULL,NULL,NULL,NULL,10,0,NULL,'nature','Crusty Loaf Bakehouse',1,'completed',NULL,'2026-06-10 23:22:03','2026-06-11 00:45:31');
REPLACE INTO `genius_profiles` (`id`, `parent_id`, `genius_id`, `genius_name`, `password_hash`, `gender`, `date_of_birth`, `profile_picture_url`, `selfie_url`, `signboard_url`, `age`, `persona_quiz_completed`, `persona_quiz_date`, `passion_category`, `aipreneur_shop_name`, `aipreneur_onboarding_completed`, `onboarding_stage`, `remember_token`, `created_at`, `updated_at`) VALUES ('019eb58f-3a7f-715b-b7bb-f8bb83f3ecf2','019eb587-df60-71ee-9f25-c26c0a2ac7b6','GENIUS-WORLD-25','Diego','$2y$12$ZaYyxq01MFm6nP57u1bcb.DVH87y8mC5M/Rp3ZiH4d4PHSiUv9jAS','other',NULL,NULL,NULL,NULL,10,0,NULL,'ice_cream','Mega Motors Mini',1,'completed',NULL,'2026-06-10 23:22:03','2026-06-11 00:45:31');
REPLACE INTO `genius_profiles` (`id`, `parent_id`, `genius_id`, `genius_name`, `password_hash`, `gender`, `date_of_birth`, `profile_picture_url`, `selfie_url`, `signboard_url`, `age`, `persona_quiz_completed`, `persona_quiz_date`, `passion_category`, `aipreneur_shop_name`, `aipreneur_onboarding_completed`, `onboarding_stage`, `remember_token`, `created_at`, `updated_at`) VALUES ('019eb58f-3b70-7374-ab89-05bae377f8a2','019eb587-df60-71ee-9f25-c26c0a2ac7b6','GENIUS-WORLD-26','Yuki','$2y$12$BjIoNDyrfsWARIPqWdT6levTPhdrRGN352EHOlTBejYM4MUJxlptS','other',NULL,NULL,NULL,NULL,10,0,NULL,'pets','Slushie Station',1,'completed',NULL,'2026-06-10 23:22:03','2026-06-11 00:45:32');
REPLACE INTO `genius_profiles` (`id`, `parent_id`, `genius_id`, `genius_name`, `password_hash`, `gender`, `date_of_birth`, `profile_picture_url`, `selfie_url`, `signboard_url`, `age`, `persona_quiz_completed`, `persona_quiz_date`, `passion_category`, `aipreneur_shop_name`, `aipreneur_onboarding_completed`, `onboarding_stage`, `remember_token`, `created_at`, `updated_at`) VALUES ('019eb58f-3c61-711f-9569-a8537a9d4991','019eb587-df60-71ee-9f25-c26c0a2ac7b6','GENIUS-WORLD-27','Omar','$2y$12$SwVn/ozMJ.nrwGkuu1z1ceC2XV9gFLeknLc4dydUTcTBlxDOKtK8q','other',NULL,NULL,NULL,NULL,10,0,NULL,'games','Splatter Studio',1,'completed',NULL,'2026-06-10 23:22:03','2026-06-11 00:45:32');
REPLACE INTO `genius_profiles` (`id`, `parent_id`, `genius_id`, `genius_name`, `password_hash`, `gender`, `date_of_birth`, `profile_picture_url`, `selfie_url`, `signboard_url`, `age`, `persona_quiz_completed`, `persona_quiz_date`, `passion_category`, `aipreneur_shop_name`, `aipreneur_onboarding_completed`, `onboarding_stage`, `remember_token`, `created_at`, `updated_at`) VALUES ('019eb58f-3d52-72d5-a018-d6b6ec846682','019eb587-df60-71ee-9f25-c26c0a2ac7b6','GENIUS-WORLD-28','Grace','$2y$12$bVmdU7V7BkhME3lu5osNHeVSMcn4pgWyBBRC2R2DrL5DOYUuk0WYO','other',NULL,NULL,NULL,NULL,10,0,NULL,'bakery','Fern & Petal',1,'completed',NULL,'2026-06-10 23:22:03','2026-06-11 00:45:32');
REPLACE INTO `genius_profiles` (`id`, `parent_id`, `genius_id`, `genius_name`, `password_hash`, `gender`, `date_of_birth`, `profile_picture_url`, `selfie_url`, `signboard_url`, `age`, `persona_quiz_completed`, `persona_quiz_date`, `passion_category`, `aipreneur_shop_name`, `aipreneur_onboarding_completed`, `onboarding_stage`, `remember_token`, `created_at`, `updated_at`) VALUES ('019eb58f-3e44-723d-9ede-39227861a515','019eb587-df60-71ee-9f25-c26c0a2ac7b6','GENIUS-WORLD-29','Marcus','$2y$12$Tev7W4YoHcJv9hmh/uXKxux1PhP1yMP4u2S.Cr1BXnpGc7p/c6mV2','other',NULL,NULL,NULL,NULL,10,0,NULL,'cars','Sundae Funday',1,'completed',NULL,'2026-06-10 23:22:04','2026-06-11 00:45:32');
REPLACE INTO `genius_profiles` (`id`, `parent_id`, `genius_id`, `genius_name`, `password_hash`, `gender`, `date_of_birth`, `profile_picture_url`, `selfie_url`, `signboard_url`, `age`, `persona_quiz_completed`, `persona_quiz_date`, `passion_category`, `aipreneur_shop_name`, `aipreneur_onboarding_completed`, `onboarding_stage`, `remember_token`, `created_at`, `updated_at`) VALUES ('019eb58f-3f35-723c-b074-92e024b8f02f','019eb587-df60-71ee-9f25-c26c0a2ac7b6','GENIUS-WORLD-30','Priya','$2y$12$7.uyiBGabkfI38.tyZWyJ.Tw10rMv8zKQq4ih/HrhErAeogZrlhf2','other',NULL,NULL,NULL,NULL,10,0,NULL,'drinks','Cuddle Critters',1,'completed',NULL,'2026-06-10 23:22:04','2026-06-11 00:45:33');
REPLACE INTO `genius_profiles` (`id`, `parent_id`, `genius_id`, `genius_name`, `password_hash`, `gender`, `date_of_birth`, `profile_picture_url`, `selfie_url`, `signboard_url`, `age`, `persona_quiz_completed`, `persona_quiz_date`, `passion_category`, `aipreneur_shop_name`, `aipreneur_onboarding_completed`, `onboarding_stage`, `remember_token`, `created_at`, `updated_at`) VALUES ('019eb58f-4027-72ae-8afe-d88512f83055','019eb587-df60-71ee-9f25-c26c0a2ac7b6','GENIUS-WORLD-31','Finn','$2y$12$glSU3AiYfmPFbE2ody0uiOqf/EFEZszJIFNYT16sGmNFejqMBtQ1u','other',NULL,NULL,NULL,NULL,10,0,NULL,'art','Level Up Lab',1,'completed',NULL,'2026-06-10 23:22:04','2026-06-11 00:45:33');
REPLACE INTO `genius_profiles` (`id`, `parent_id`, `genius_id`, `genius_name`, `password_hash`, `gender`, `date_of_birth`, `profile_picture_url`, `selfie_url`, `signboard_url`, `age`, `persona_quiz_completed`, `persona_quiz_date`, `passion_category`, `aipreneur_shop_name`, `aipreneur_onboarding_completed`, `onboarding_stage`, `remember_token`, `created_at`, `updated_at`) VALUES ('019eb58f-4118-7054-9714-de80ead80075','019eb587-df60-71ee-9f25-c26c0a2ac7b6','GENIUS-WORLD-32','Sara','$2y$12$hwxdanDMVAJzvfc/LKEVLOJGtPjdLagXjO8nlViMsd.g4juvX4olm','other',NULL,NULL,NULL,NULL,10,0,NULL,'nature','Honey Bun Bakery',1,'completed',NULL,'2026-06-10 23:22:04','2026-06-11 00:45:33');
REPLACE INTO `genius_profiles` (`id`, `parent_id`, `genius_id`, `genius_name`, `password_hash`, `gender`, `date_of_birth`, `profile_picture_url`, `selfie_url`, `signboard_url`, `age`, `persona_quiz_completed`, `persona_quiz_date`, `passion_category`, `aipreneur_shop_name`, `aipreneur_onboarding_completed`, `onboarding_stage`, `remember_token`, `created_at`, `updated_at`) VALUES ('019eb58f-4209-7216-9f1f-2b42d0c66fa6','019eb587-df60-71ee-9f25-c26c0a2ac7b6','GENIUS-WORLD-33','Tariq','$2y$12$JpJPc61CqV0Kva3Ep/GQzOW3jFWEcCeYfd74BXGpx1REq7MYRCi6q','other',NULL,NULL,NULL,NULL,10,0,NULL,'ice_cream','Drift Kings',1,'completed',NULL,'2026-06-10 23:22:05','2026-06-11 00:45:33');
REPLACE INTO `genius_profiles` (`id`, `parent_id`, `genius_id`, `genius_name`, `password_hash`, `gender`, `date_of_birth`, `profile_picture_url`, `selfie_url`, `signboard_url`, `age`, `persona_quiz_completed`, `persona_quiz_date`, `passion_category`, `aipreneur_shop_name`, `aipreneur_onboarding_completed`, `onboarding_stage`, `remember_token`, `created_at`, `updated_at`) VALUES ('019eb58f-42f9-715e-92fa-2ef6364a1365','019eb587-df60-71ee-9f25-c26c0a2ac7b6','GENIUS-WORLD-34','Elena','$2y$12$XUIS3hfzvbjLsCeXBefK.euDsgM2/Izt3lbGd8kz2SUD0mBuQrb5i','other',NULL,NULL,NULL,NULL,10,0,NULL,'pets','Smoothie Splash',1,'completed',NULL,'2026-06-10 23:22:05','2026-06-11 00:45:34');
REPLACE INTO `genius_profiles` (`id`, `parent_id`, `genius_id`, `genius_name`, `password_hash`, `gender`, `date_of_birth`, `profile_picture_url`, `selfie_url`, `signboard_url`, `age`, `persona_quiz_completed`, `persona_quiz_date`, `passion_category`, `aipreneur_shop_name`, `aipreneur_onboarding_completed`, `onboarding_stage`, `remember_token`, `created_at`, `updated_at`) VALUES ('019eb58f-43eb-702f-b2bf-f38297e13fd0','019eb587-df60-71ee-9f25-c26c0a2ac7b6','GENIUS-WORLD-35','Hugo','$2y$12$IFgSmG2nGepa2POtWAcUqOI.fUkpsEtwW2chFKr6AdHUNDzWisuJS','other',NULL,NULL,NULL,NULL,10,0,NULL,'games','Brush & Bloom',1,'completed',NULL,'2026-06-10 23:22:05','2026-06-11 00:45:34');
REPLACE INTO `genius_profiles` (`id`, `parent_id`, `genius_id`, `genius_name`, `password_hash`, `gender`, `date_of_birth`, `profile_picture_url`, `selfie_url`, `signboard_url`, `age`, `persona_quiz_completed`, `persona_quiz_date`, `passion_category`, `aipreneur_shop_name`, `aipreneur_onboarding_completed`, `onboarding_stage`, `remember_token`, `created_at`, `updated_at`) VALUES ('019eb58f-44dd-7363-b036-9f1b76b259d3','019eb587-df60-71ee-9f25-c26c0a2ac7b6','GENIUS-WORLD-36','Naomi','$2y$12$4bTVOSjpCe2VJGbnOP7fc.bBBBy7h4g1K9CjhOy4qYozMSMXnozb.','other',NULL,NULL,NULL,NULL,10,0,NULL,'bakery','Sprout & Soil',1,'completed',NULL,'2026-06-10 23:22:05','2026-06-11 00:45:34');
REPLACE INTO `genius_profiles` (`id`, `parent_id`, `genius_id`, `genius_name`, `password_hash`, `gender`, `date_of_birth`, `profile_picture_url`, `selfie_url`, `signboard_url`, `age`, `persona_quiz_completed`, `persona_quiz_date`, `passion_category`, `aipreneur_shop_name`, `aipreneur_onboarding_completed`, `onboarding_stage`, `remember_token`, `created_at`, `updated_at`) VALUES ('019eb58f-45ce-70d4-992d-cd2ca5bdf921','019eb587-df60-71ee-9f25-c26c0a2ac7b6','GENIUS-WORLD-37','Bruno','$2y$12$UC0FkV93r8a2khZqTNpVbujtkvpTMOOqUXysKdy3/mzskf3KwMkx.','other',NULL,NULL,NULL,NULL,10,0,NULL,'cars','Choco Swirl',1,'completed',NULL,'2026-06-10 23:22:06','2026-06-11 00:45:34');
REPLACE INTO `genius_profiles` (`id`, `parent_id`, `genius_id`, `genius_name`, `password_hash`, `gender`, `date_of_birth`, `profile_picture_url`, `selfie_url`, `signboard_url`, `age`, `persona_quiz_completed`, `persona_quiz_date`, `passion_category`, `aipreneur_shop_name`, `aipreneur_onboarding_completed`, `onboarding_stage`, `remember_token`, `created_at`, `updated_at`) VALUES ('019eb58f-46be-7293-adbf-b092f6bf45e8','019eb587-df60-71ee-9f25-c26c0a2ac7b6','GENIUS-WORLD-38','Layla','$2y$12$pecigELnjtdSBRgnccgtf..2MbeuKUM8F9YRbagb0JW8K/T4ko8zW','other',NULL,NULL,NULL,NULL,10,0,NULL,'drinks','Feather & Fur',1,'completed',NULL,'2026-06-10 23:22:06','2026-06-11 00:45:35');
REPLACE INTO `genius_profiles` (`id`, `parent_id`, `genius_id`, `genius_name`, `password_hash`, `gender`, `date_of_birth`, `profile_picture_url`, `selfie_url`, `signboard_url`, `age`, `persona_quiz_completed`, `persona_quiz_date`, `passion_category`, `aipreneur_shop_name`, `aipreneur_onboarding_completed`, `onboarding_stage`, `remember_token`, `created_at`, `updated_at`) VALUES ('019eb58f-47af-72bf-9ada-1f8f0bfd1bbf','019eb587-df60-71ee-9f25-c26c0a2ac7b6','GENIUS-WORLD-39','Caleb','$2y$12$c/DLRIZtRGWoKTPrI2xoTucY4fvyJxb9eRLMJ.pjBC3JhsfWJjEvC','other',NULL,NULL,NULL,NULL,10,0,NULL,'art','Boss Battle Arcade',1,'completed',NULL,'2026-06-10 23:22:06','2026-06-11 00:45:35');
REPLACE INTO `genius_profiles` (`id`, `parent_id`, `genius_id`, `genius_name`, `password_hash`, `gender`, `date_of_birth`, `profile_picture_url`, `selfie_url`, `signboard_url`, `age`, `persona_quiz_completed`, `persona_quiz_date`, `passion_category`, `aipreneur_shop_name`, `aipreneur_onboarding_completed`, `onboarding_stage`, `remember_token`, `created_at`, `updated_at`) VALUES ('019eb58f-48a0-734b-94af-c4aa7f0e34b8','019eb587-df60-71ee-9f25-c26c0a2ac7b6','GENIUS-WORLD-40','Mei','$2y$12$Z5yOYc//OSQH5KCA8y7OCuxPU0zD1qP5p6Q83sYySj86tbXt1hRny','other',NULL,NULL,NULL,NULL,10,0,NULL,'nature','Golden Crust',1,'completed',NULL,'2026-06-10 23:22:06','2026-06-11 00:45:35');
REPLACE INTO `genius_profiles` (`id`, `parent_id`, `genius_id`, `genius_name`, `password_hash`, `gender`, `date_of_birth`, `profile_picture_url`, `selfie_url`, `signboard_url`, `age`, `persona_quiz_completed`, `persona_quiz_date`, `passion_category`, `aipreneur_shop_name`, `aipreneur_onboarding_completed`, `onboarding_stage`, `remember_token`, `created_at`, `updated_at`) VALUES ('019eb58f-4993-7254-88a2-9e1ae71d8f19','019eb587-df60-71ee-9f25-c26c0a2ac7b6','GENIUS-WORLD-41','Andre','$2y$12$gSRoP3IBYyeyrdqYzLFG3.wzXSO2H7giEjbsG5EyFPndaR315Uifm','other',NULL,NULL,NULL,NULL,10,0,NULL,'ice_cream','Nitro Garage',1,'completed',NULL,'2026-06-10 23:22:07','2026-06-11 00:45:35');
REPLACE INTO `genius_profiles` (`id`, `parent_id`, `genius_id`, `genius_name`, `password_hash`, `gender`, `date_of_birth`, `profile_picture_url`, `selfie_url`, `signboard_url`, `age`, `persona_quiz_completed`, `persona_quiz_date`, `passion_category`, `aipreneur_shop_name`, `aipreneur_onboarding_completed`, `onboarding_stage`, `remember_token`, `created_at`, `updated_at`) VALUES ('019eb58f-4a85-7310-af0e-30ad91874160','019eb587-df60-71ee-9f25-c26c0a2ac7b6','GENIUS-WORLD-42','Tara','$2y$12$Y8u1zw8xP5HM1Qo65569gOkHOBLg3Xa1BhBiA.y5g1.rpiMovAvLS','other',NULL,NULL,NULL,NULL,10,0,NULL,'pets','Zest Juice Bar',1,'completed',NULL,'2026-06-10 23:22:07','2026-06-11 00:45:36');
REPLACE INTO `genius_profiles` (`id`, `parent_id`, `genius_id`, `genius_name`, `password_hash`, `gender`, `date_of_birth`, `profile_picture_url`, `selfie_url`, `signboard_url`, `age`, `persona_quiz_completed`, `persona_quiz_date`, `passion_category`, `aipreneur_shop_name`, `aipreneur_onboarding_completed`, `onboarding_stage`, `remember_token`, `created_at`, `updated_at`) VALUES ('019eb58f-4b78-7289-8274-35fa1942eea2','019eb587-df60-71ee-9f25-c26c0a2ac7b6','GENIUS-WORLD-43','Felix','$2y$12$EDTokUO3biJf19DBlmtG8eW89Ly8nGoWOLQbqnTih7BS.oYq5u/di','other',NULL,NULL,NULL,NULL,10,0,NULL,'games','Canvas Dreams',1,'completed',NULL,'2026-06-10 23:22:07','2026-06-11 00:45:36');
REPLACE INTO `genius_profiles` (`id`, `parent_id`, `genius_id`, `genius_name`, `password_hash`, `gender`, `date_of_birth`, `profile_picture_url`, `selfie_url`, `signboard_url`, `age`, `persona_quiz_completed`, `persona_quiz_date`, `passion_category`, `aipreneur_shop_name`, `aipreneur_onboarding_completed`, `onboarding_stage`, `remember_token`, `created_at`, `updated_at`) VALUES ('019eb58f-4c69-7251-bef3-c1ac0d21212e','019eb587-df60-71ee-9f25-c26c0a2ac7b6','GENIUS-WORLD-44','Ingrid','$2y$12$uW7bRQCmO6.41ljgAV19C.1oo16ybzPZJjQ7h4B78cij5i615whF2','other',NULL,NULL,NULL,NULL,10,0,NULL,'bakery','Wild Garden Co',1,'completed',NULL,'2026-06-10 23:22:07','2026-06-11 00:45:36');
REPLACE INTO `genius_profiles` (`id`, `parent_id`, `genius_id`, `genius_name`, `password_hash`, `gender`, `date_of_birth`, `profile_picture_url`, `selfie_url`, `signboard_url`, `age`, `persona_quiz_completed`, `persona_quiz_date`, `passion_category`, `aipreneur_shop_name`, `aipreneur_onboarding_completed`, `onboarding_stage`, `remember_token`, `created_at`, `updated_at`) VALUES ('019eb58f-4d5b-7278-b6c4-56b8f49b1320','019eb587-df60-71ee-9f25-c26c0a2ac7b6','GENIUS-WORLD-45','Pedro','$2y$12$0dp8lnrUBavgiwjA3xYoHOJ.mLWNBg1U7eMMIN57ZoSSo7LGl0dpu','other',NULL,NULL,NULL,NULL,10,0,NULL,'cars','Vanilla Sky Treats',1,'completed',NULL,'2026-06-10 23:22:08','2026-06-11 00:45:36');
REPLACE INTO `genius_profiles` (`id`, `parent_id`, `genius_id`, `genius_name`, `password_hash`, `gender`, `date_of_birth`, `profile_picture_url`, `selfie_url`, `signboard_url`, `age`, `persona_quiz_completed`, `persona_quiz_date`, `passion_category`, `aipreneur_shop_name`, `aipreneur_onboarding_completed`, `onboarding_stage`, `remember_token`, `created_at`, `updated_at`) VALUES ('019eb58f-4e4d-7043-aff3-a266807c5caa','019eb587-df60-71ee-9f25-c26c0a2ac7b6','GENIUS-WORLD-46','Rina','$2y$12$9OPG46zuTQnUnRFpEU0qb..bH6gG62Bny7xptuhJqKGzGiullC/Um','other',NULL,NULL,NULL,NULL,10,0,NULL,'drinks','Happy Tails Hub',1,'completed',NULL,'2026-06-10 23:22:08','2026-06-11 00:45:36');
REPLACE INTO `genius_profiles` (`id`, `parent_id`, `genius_id`, `genius_name`, `password_hash`, `gender`, `date_of_birth`, `profile_picture_url`, `selfie_url`, `signboard_url`, `age`, `persona_quiz_completed`, `persona_quiz_date`, `passion_category`, `aipreneur_shop_name`, `aipreneur_onboarding_completed`, `onboarding_stage`, `remember_token`, `created_at`, `updated_at`) VALUES ('019eb58f-4f3f-703a-951d-bec06e50f158','019eb587-df60-71ee-9f25-c26c0a2ac7b6','GENIUS-WORLD-47','Soren','$2y$12$ZbBnGDR4xLtAZktBbTnmj.RUn3Qp5N07EqTSrojLb21d1XXxCP/3C','other',NULL,NULL,NULL,NULL,10,0,NULL,'art','Pixel Punch',1,'completed',NULL,'2026-06-10 23:22:08','2026-06-11 00:45:37');
REPLACE INTO `genius_profiles` (`id`, `parent_id`, `genius_id`, `genius_name`, `password_hash`, `gender`, `date_of_birth`, `profile_picture_url`, `selfie_url`, `signboard_url`, `age`, `persona_quiz_completed`, `persona_quiz_date`, `passion_category`, `aipreneur_shop_name`, `aipreneur_onboarding_completed`, `onboarding_stage`, `remember_token`, `created_at`, `updated_at`) VALUES ('019eb58f-5030-71e7-86a8-e225eed7186b','019eb587-df60-71ee-9f25-c26c0a2ac7b6','GENIUS-WORLD-48','Aisha','$2y$12$7ylDAjGEtQdflsEL1N8WG.TP1prNC5oReDuOLx3QmOIoHBc/4uXU.','other',NULL,NULL,NULL,NULL,10,0,NULL,'nature','Maple Morning Bakery',1,'completed',NULL,'2026-06-10 23:22:08','2026-06-11 00:45:37');
REPLACE INTO `genius_profiles` (`id`, `parent_id`, `genius_id`, `genius_name`, `password_hash`, `gender`, `date_of_birth`, `profile_picture_url`, `selfie_url`, `signboard_url`, `age`, `persona_quiz_completed`, `persona_quiz_date`, `passion_category`, `aipreneur_shop_name`, `aipreneur_onboarding_completed`, `onboarding_stage`, `remember_token`, `created_at`, `updated_at`) VALUES ('019eb58f-5121-725c-a967-e1115a830cd3','019eb587-df60-71ee-9f25-c26c0a2ac7b6','GENIUS-WORLD-49','Kofi','$2y$12$AhOU3aCf9xyzq1cXqWm/BO0AQFFfPmnLTr1FgPNWo3/km0okXRHBC','other',NULL,NULL,NULL,NULL,10,0,NULL,'ice_cream','Velocity Motors',1,'completed',NULL,'2026-06-10 23:22:09','2026-06-11 00:45:37');
REPLACE INTO `genius_profiles` (`id`, `parent_id`, `genius_id`, `genius_name`, `password_hash`, `gender`, `date_of_birth`, `profile_picture_url`, `selfie_url`, `signboard_url`, `age`, `persona_quiz_completed`, `persona_quiz_date`, `passion_category`, `aipreneur_shop_name`, `aipreneur_onboarding_completed`, `onboarding_stage`, `remember_token`, `created_at`, `updated_at`) VALUES ('019eb58f-523b-7163-901a-0ffa4815dd59','019eb587-df60-71ee-9f25-c26c0a2ac7b6','GENIUS-WORLD-50','Nora','$2y$12$nTFVqHSaZKKecu4ZibwkoeisJ8aFSLU/V.BTl3eh92Ek8kRGAG2Ua','other',NULL,NULL,NULL,NULL,10,0,NULL,'pets','Citrus Burst',1,'completed',NULL,'2026-06-10 23:22:09','2026-06-11 00:45:37');
REPLACE INTO `genius_profiles` (`id`, `parent_id`, `genius_id`, `genius_name`, `password_hash`, `gender`, `date_of_birth`, `profile_picture_url`, `selfie_url`, `signboard_url`, `age`, `persona_quiz_completed`, `persona_quiz_date`, `passion_category`, `aipreneur_shop_name`, `aipreneur_onboarding_completed`, `onboarding_stage`, `remember_token`, `created_at`, `updated_at`) VALUES ('019eb58f-532c-72a4-953a-aa6375f9f3c1','019eb587-df60-71ee-9f25-c26c0a2ac7b6','GENIUS-WORLD-51','Dmitri','$2y$12$xNUy5PaimggDdi1e2h3qp.OWbgi2TX7I7bBhLqf9WgELc2wi6fMyS','other',NULL,NULL,NULL,NULL,10,0,NULL,'games','Palette Place',1,'completed',NULL,'2026-06-10 23:22:09','2026-06-11 00:45:38');
REPLACE INTO `genius_profiles` (`id`, `parent_id`, `genius_id`, `genius_name`, `password_hash`, `gender`, `date_of_birth`, `profile_picture_url`, `selfie_url`, `signboard_url`, `age`, `persona_quiz_completed`, `persona_quiz_date`, `passion_category`, `aipreneur_shop_name`, `aipreneur_onboarding_completed`, `onboarding_stage`, `remember_token`, `created_at`, `updated_at`) VALUES ('019eb58f-543f-711f-bcb5-4cc91233248e','019eb587-df60-71ee-9f25-c26c0a2ac7b6','GENIUS-WORLD-52','Keiko','$2y$12$xTOZIkovxywrLSebPaXfsu/Y24zvwWvC7XAcGFl6FgjUL9lLZ9Hgu','other',NULL,NULL,NULL,NULL,10,0,NULL,'bakery','Bloom Room',1,'completed',NULL,'2026-06-10 23:22:09','2026-06-11 00:45:38');
REPLACE INTO `genius_profiles` (`id`, `parent_id`, `genius_id`, `genius_name`, `password_hash`, `gender`, `date_of_birth`, `profile_picture_url`, `selfie_url`, `signboard_url`, `age`, `persona_quiz_completed`, `persona_quiz_date`, `passion_category`, `aipreneur_shop_name`, `aipreneur_onboarding_completed`, `onboarding_stage`, `remember_token`, `created_at`, `updated_at`) VALUES ('019eb58f-5532-70d8-a06a-c049306e2333','019eb587-df60-71ee-9f25-c26c0a2ac7b6','GENIUS-WORLD-53','Samir','$2y$12$.3o.ZLXg6VrpDk.6SxyisuYQ5kPnm9Pbl0zAvX6CFmdJeU91oUYju','other',NULL,NULL,NULL,NULL,10,0,NULL,'cars','Frosty Cloud',1,'completed',NULL,'2026-06-10 23:22:10','2026-06-11 00:45:38');
REPLACE INTO `genius_profiles` (`id`, `parent_id`, `genius_id`, `genius_name`, `password_hash`, `gender`, `date_of_birth`, `profile_picture_url`, `selfie_url`, `signboard_url`, `age`, `persona_quiz_completed`, `persona_quiz_date`, `passion_category`, `aipreneur_shop_name`, `aipreneur_onboarding_completed`, `onboarding_stage`, `remember_token`, `created_at`, `updated_at`) VALUES ('019eb58f-5625-7290-bfdd-c5507e0cd6f3','019eb587-df60-71ee-9f25-c26c0a2ac7b6','GENIUS-WORLD-54','Bianca','$2y$12$KFn4tsmkQwHwTgARA1c0C.jbqBBu9GrOQhtLcKzujn2jAz5IR0xfy','other',NULL,NULL,NULL,NULL,10,0,NULL,'drinks','Paws & Play',1,'completed',NULL,'2026-06-10 23:22:10','2026-06-11 00:45:38');
REPLACE INTO `genius_profiles` (`id`, `parent_id`, `genius_id`, `genius_name`, `password_hash`, `gender`, `date_of_birth`, `profile_picture_url`, `selfie_url`, `signboard_url`, `age`, `persona_quiz_completed`, `persona_quiz_date`, `passion_category`, `aipreneur_shop_name`, `aipreneur_onboarding_completed`, `onboarding_stage`, `remember_token`, `created_at`, `updated_at`) VALUES ('019eb58f-5717-712b-9b33-e7f6a1a47b41','019eb587-df60-71ee-9f25-c26c0a2ac7b6','GENIUS-WORLD-55','Theo','$2y$12$RLACLp2DSkKKNVsRW2Drtei8jT5j5sNyQPo60eBw0/DGY7Tpp4oSG','other',NULL,NULL,NULL,NULL,10,0,NULL,'art','Arcade Asylum',1,'completed',NULL,'2026-06-10 23:22:10','2026-06-11 00:45:39');
REPLACE INTO `genius_profiles` (`id`, `parent_id`, `genius_id`, `genius_name`, `password_hash`, `gender`, `date_of_birth`, `profile_picture_url`, `selfie_url`, `signboard_url`, `age`, `persona_quiz_completed`, `persona_quiz_date`, `passion_category`, `aipreneur_shop_name`, `aipreneur_onboarding_completed`, `onboarding_stage`, `remember_token`, `created_at`, `updated_at`) VALUES ('019eb58f-5809-736b-94be-ed3eedc01024','019eb587-df60-71ee-9f25-c26c0a2ac7b6','GENIUS-WORLD-56','Wei','$2y$12$ZcH.pPHqjmTuq8syqf0bAOO.rh8k7z./644ehbQTPQuW/65RjdxU6','other',NULL,NULL,NULL,NULL,10,0,NULL,'nature','Buttercup Bakehouse',1,'completed',NULL,'2026-06-10 23:22:10','2026-06-11 00:45:39');
REPLACE INTO `genius_profiles` (`id`, `parent_id`, `genius_id`, `genius_name`, `password_hash`, `gender`, `date_of_birth`, `profile_picture_url`, `selfie_url`, `signboard_url`, `age`, `persona_quiz_completed`, `persona_quiz_date`, `passion_category`, `aipreneur_shop_name`, `aipreneur_onboarding_completed`, `onboarding_stage`, `remember_token`, `created_at`, `updated_at`) VALUES ('019eb58f-58f9-718f-aa58-76b8b3cbe8e3','019eb587-df60-71ee-9f25-c26c0a2ac7b6','GENIUS-WORLD-57','Malik','$2y$12$CMVO/8W20vKOANkEvr1tv.ktNzbNG1IJcavQtDoiqNRgq0UtTKasK','other',NULL,NULL,NULL,NULL,10,0,NULL,'ice_cream','Rocket Racers',1,'completed',NULL,'2026-06-10 23:22:11','2026-06-11 00:45:39');
REPLACE INTO `genius_profiles` (`id`, `parent_id`, `genius_id`, `genius_name`, `password_hash`, `gender`, `date_of_birth`, `profile_picture_url`, `selfie_url`, `signboard_url`, `age`, `persona_quiz_completed`, `persona_quiz_date`, `passion_category`, `aipreneur_shop_name`, `aipreneur_onboarding_completed`, `onboarding_stage`, `remember_token`, `created_at`, `updated_at`) VALUES ('019eb58f-59eb-73f3-9bb2-99a1b863749c','019eb587-df60-71ee-9f25-c26c0a2ac7b6','GENIUS-WORLD-58','Carmen','$2y$12$4Vt4E1Fpt1d3T80wrdt1C.4kkIX9Kn4pZ5GYq6h.gTZnek8k.4vXW','other',NULL,NULL,NULL,NULL,10,0,NULL,'pets','Tropic Sip',1,'completed',NULL,'2026-06-10 23:22:11','2026-06-11 00:45:39');
REPLACE INTO `genius_profiles` (`id`, `parent_id`, `genius_id`, `genius_name`, `password_hash`, `gender`, `date_of_birth`, `profile_picture_url`, `selfie_url`, `signboard_url`, `age`, `persona_quiz_completed`, `persona_quiz_date`, `passion_category`, `aipreneur_shop_name`, `aipreneur_onboarding_completed`, `onboarding_stage`, `remember_token`, `created_at`, `updated_at`) VALUES ('019eb58f-5adb-71ba-8c86-c67cef0154db','019eb587-df60-71ee-9f25-c26c0a2ac7b6','GENIUS-WORLD-59','Viktor','$2y$12$qG5EL./AKwrZcYT4JUqd9.c2UJt5Db/WwTZg.CNLb65Be3FEyri0y','other',NULL,NULL,NULL,NULL,10,0,NULL,'games','Color Lab',1,'completed',NULL,'2026-06-10 23:22:11','2026-06-11 00:45:40');
REPLACE INTO `genius_profiles` (`id`, `parent_id`, `genius_id`, `genius_name`, `password_hash`, `gender`, `date_of_birth`, `profile_picture_url`, `selfie_url`, `signboard_url`, `age`, `persona_quiz_completed`, `persona_quiz_date`, `passion_category`, `aipreneur_shop_name`, `aipreneur_onboarding_completed`, `onboarding_stage`, `remember_token`, `created_at`, `updated_at`) VALUES ('019eb58f-5bcc-72f4-9da4-6da35e0ac204','019eb587-df60-71ee-9f25-c26c0a2ac7b6','GENIUS-WORLD-60','Anya','$2y$12$KO4eahEhq7nLcgLwAkOBC.v7XYwXZ3iwfNjOoGxxIXtNjTL.Ss6TW','other',NULL,NULL,NULL,NULL,10,0,NULL,'bakery','Evergreen Nook',1,'completed',NULL,'2026-06-10 23:22:11','2026-06-11 00:45:40');
REPLACE INTO `genius_profiles` (`id`, `parent_id`, `genius_id`, `genius_name`, `password_hash`, `gender`, `date_of_birth`, `profile_picture_url`, `selfie_url`, `signboard_url`, `age`, `persona_quiz_completed`, `persona_quiz_date`, `passion_category`, `aipreneur_shop_name`, `aipreneur_onboarding_completed`, `onboarding_stage`, `remember_token`, `created_at`, `updated_at`) VALUES ('019eb5a0-6f94-71cb-a252-7b2aafe543e9','019eb5a0-6e9f-72e9-8346-f36a8e756007','GENIUS-DEMO','Demo Kid','$2y$12$de01hUC4PsxcjSq5ikEZZuEYKiS6YfKDY1X2XHuemDnxeUHmgZovu','other',NULL,'/uman1.png','/uman1.png','/building.png',10,1,'2026-05-29 23:40:50','toys_and_games','Star Spark Lab',1,'completed',NULL,'2026-06-10 23:40:50','2026-06-10 23:40:50');
/*!40000 ALTER TABLE `genius_profiles` ENABLE KEYS */;
/*!40103 SET TIME_ZONE=@OLD_TIME_ZONE */;

/*!40101 SET SQL_MODE=@OLD_SQL_MODE */;
/*!40014 SET FOREIGN_KEY_CHECKS=@OLD_FOREIGN_KEY_CHECKS */;
/*!40014 SET UNIQUE_CHECKS=@OLD_UNIQUE_CHECKS */;
/*!40101 SET CHARACTER_SET_CLIENT=@OLD_CHARACTER_SET_CLIENT */;
/*!40101 SET CHARACTER_SET_RESULTS=@OLD_CHARACTER_SET_RESULTS */;
/*!40101 SET COLLATION_CONNECTION=@OLD_COLLATION_CONNECTION */;
/*!40111 SET SQL_NOTES=@OLD_SQL_NOTES */;


/*!40101 SET @OLD_CHARACTER_SET_CLIENT=@@CHARACTER_SET_CLIENT */;
/*!40101 SET @OLD_CHARACTER_SET_RESULTS=@@CHARACTER_SET_RESULTS */;
/*!40101 SET @OLD_COLLATION_CONNECTION=@@COLLATION_CONNECTION */;
/*!50503 SET NAMES utf8mb4 */;
/*!40103 SET @OLD_TIME_ZONE=@@TIME_ZONE */;
/*!40103 SET TIME_ZONE='+00:00' */;
/*!40014 SET @OLD_UNIQUE_CHECKS=@@UNIQUE_CHECKS, UNIQUE_CHECKS=0 */;
/*!40014 SET @OLD_FOREIGN_KEY_CHECKS=@@FOREIGN_KEY_CHECKS, FOREIGN_KEY_CHECKS=0 */;
/*!40101 SET @OLD_SQL_MODE=@@SQL_MODE, SQL_MODE='NO_AUTO_VALUE_ON_ZERO' */;
/*!40111 SET @OLD_SQL_NOTES=@@SQL_NOTES, SQL_NOTES=0 */;

/*!40000 ALTER TABLE `aipreneur_business` DISABLE KEYS */;
REPLACE INTO `aipreneur_business` (`id`, `student_id`, `shop_theme`, `shop_url_slug`, `shop_image_url`, `shop_scene_image_url`, `shop_image_status`, `shop_image_error`, `shop_vibe`, `shop_colors`, `shop_usp`, `selfie_used_url`, `signboard_used_url`, `questionnaire_answers`, `exterior_config`, `interior_config`, `age_group`, `module_product_progress`, `module_decorate_progress`, `module_operation_progress`, `module_marketing_progress`, `module_innovation_progress`, `module_csr_progress`, `total_sales`, `total_costs`, `total_profit`, `shop_launched`, `opening_checklist`, `ribbon_cutting_completed`, `ribbon_cutting_at`, `traffic_multiplier`, `traffic_boost_expires_at`, `launched_at`, `charity_percentage`, `selected_cause`, `total_donated`, `impact_points`, `staff_overall_mood`, `popularity_level`, `store_visitors`, `store_likes`, `store_reviews_count`, `store_rating`, `current_quest`, `streak_days`, `last_activity_date`, `last_csr_action_date`, `last_finance_game_date`, `created_at`, `updated_at`) VALUES ('019eb5a0-6fcb-7162-a9f2-d86ceaa4bfc6','019eb5a0-6f94-71cb-a252-7b2aafe543e9','futuristic_techy','star-spark-lab-demo','/assets/shops/shop3.png','/building.png','completed',NULL,NULL,NULL,NULL,NULL,NULL,'{\"vibe\": \"futuristic_techy\", \"colors\": [\"cyan\", \"blue\", \"pink\"], \"shopName\": \"Star Spark Lab\", \"shop_theme\": \"futuristic_techy\", \"superpower\": \"Invents playful products that make learning fun.\", \"businessType\": \"toys_and_games\"}','{\"wall\": \"wall_glass\", \"banner\": \"banner_neon\", \"lights\": \"lights_neon\"}','{\"shelf\": \"shelf_neon\", \"table\": \"table_tech\", \"layout\": {\"_v\": 2, \"atm\": {\"x\": 3, \"y\": 93, \"rotation\": 0}, \"bench\": {\"x\": 13, \"y\": 89, \"rotation\": 0}, \"table\": {\"x\": 44, \"y\": 58, \"rotation\": 0}, \"books1\": {\"x\": 15, \"y\": 4, \"rotation\": 0}, \"books2\": {\"x\": 79, \"y\": 4, \"rotation\": 0}, \"office\": {\"x\": 82, \"y\": 5, \"rotation\": 0}, \"counter\": {\"x\": 34, \"y\": 7, \"rotation\": 0}, \"vending\": {\"x\": 91, \"y\": 93, \"rotation\": 0}, \"leftShelf\": {\"x\": 12, \"y\": 27, \"rotation\": 0}, \"rightShelf\": {\"x\": 66, \"y\": 27, \"rotation\": 0}}, \"wallColor\": \"iwall_sky\", \"floorColor\": \"ifloor_tile\", \"economy_meta\": {\"version\": 1, \"updated_at\": \"2026-06-11T07:40:50+00:00\", \"purchased_items\": [\"banner_neon\", \"banner_wood\", \"banner_tech\", \"wall_glass\", \"wall_wood\", \"wall_paint_pink\", \"wall_dark\", \"lights_string\", \"lights_spot\", \"lights_neon\"], \"free_exterior_changes_used\": 3}, \"wall_posters\": [\"/assets/shops/shop1.png\", \"/assets/shops/shop2.png\", \"/assets/shops/shop3.png\"], \"tv_poster_url\": \"/building.png\"}',NULL,100,100,100,100,100,100,4860.00,1930.00,2930.00,1,'{\"staff_hired\": true, \"products_created\": true}',1,'2026-05-31 23:40:50',2.8,'2026-06-24 23:40:50','2026-05-31 23:40:50',15,'ocean_cleanup',280.00,640,100,100.00,1380,412,57,4.9,'Demo profile ready for QA checks.',14,'2026-06-10','2026-06-09','2026-06-10','2026-06-10 23:40:51','2026-06-11 00:36:51');
REPLACE INTO `aipreneur_business` (`id`, `student_id`, `shop_theme`, `shop_url_slug`, `shop_image_url`, `shop_scene_image_url`, `shop_image_status`, `shop_image_error`, `shop_vibe`, `shop_colors`, `shop_usp`, `selfie_used_url`, `signboard_used_url`, `questionnaire_answers`, `exterior_config`, `interior_config`, `age_group`, `module_product_progress`, `module_decorate_progress`, `module_operation_progress`, `module_marketing_progress`, `module_innovation_progress`, `module_csr_progress`, `total_sales`, `total_costs`, `total_profit`, `shop_launched`, `opening_checklist`, `ribbon_cutting_completed`, `ribbon_cutting_at`, `traffic_multiplier`, `traffic_boost_expires_at`, `launched_at`, `charity_percentage`, `selected_cause`, `total_donated`, `impact_points`, `staff_overall_mood`, `popularity_level`, `store_visitors`, `store_likes`, `store_reviews_count`, `store_rating`, `current_quest`, `streak_days`, `last_activity_date`, `last_csr_action_date`, `last_finance_game_date`, `created_at`, `updated_at`) VALUES ('019eb587-e068-70e1-88aa-1ca28003e089','019eb587-e060-7350-aaa1-e366bcb0b02e','fun','frozen-paradise-w1','/assets/shops/shop1.png',NULL,'completed',NULL,NULL,NULL,NULL,NULL,NULL,NULL,'{\"wall\": \"wall_glass\", \"banner\": \"banner_neon\", \"lights\": \"lights_string\"}','{\"theme\": \"fun\", \"wallColor\": \"iwall_sky\", \"floorColor\": \"ifloor_tile\"}',NULL,0,0,0,0,0,0,0.00,0.00,0.00,1,NULL,0,NULL,1,NULL,'2026-04-12 00:45:25',10,NULL,0.00,0,70,5.00,100,20,3,3.5,NULL,0,NULL,NULL,NULL,'2026-06-10 23:14:01','2026-06-11 00:45:25');
REPLACE INTO `aipreneur_business` (`id`, `student_id`, `shop_theme`, `shop_url_slug`, `shop_image_url`, `shop_scene_image_url`, `shop_image_status`, `shop_image_error`, `shop_vibe`, `shop_colors`, `shop_usp`, `selfie_used_url`, `signboard_used_url`, `questionnaire_answers`, `exterior_config`, `interior_config`, `age_group`, `module_product_progress`, `module_decorate_progress`, `module_operation_progress`, `module_marketing_progress`, `module_innovation_progress`, `module_csr_progress`, `total_sales`, `total_costs`, `total_profit`, `shop_launched`, `opening_checklist`, `ribbon_cutting_completed`, `ribbon_cutting_at`, `traffic_multiplier`, `traffic_boost_expires_at`, `launched_at`, `charity_percentage`, `selected_cause`, `total_donated`, `impact_points`, `staff_overall_mood`, `popularity_level`, `store_visitors`, `store_likes`, `store_reviews_count`, `store_rating`, `current_quest`, `streak_days`, `last_activity_date`, `last_csr_action_date`, `last_finance_game_date`, `created_at`, `updated_at`) VALUES ('019eb587-e15b-7055-aa35-d529cd6fb539','019eb587-e15a-7093-ae7c-c59c116d582d','modern','bark-avenue-cafe-w2','/assets/shops/shop4.png',NULL,'completed',NULL,NULL,NULL,NULL,NULL,NULL,NULL,'{\"wall\": \"wall_glass\", \"banner\": \"banner_wood\", \"lights\": \"lights_string\"}','{\"theme\": \"modern\", \"wallColor\": \"iwall_cream\", \"floorColor\": \"ifloor_tile\"}',NULL,0,0,0,0,0,0,0.00,0.00,0.00,1,NULL,0,NULL,1,NULL,'2026-04-13 00:45:25',10,NULL,0.00,0,70,8.00,153,37,4,3.6,NULL,0,NULL,NULL,NULL,'2026-06-10 23:14:01','2026-06-11 00:45:26');
REPLACE INTO `aipreneur_business` (`id`, `student_id`, `shop_theme`, `shop_url_slug`, `shop_image_url`, `shop_scene_image_url`, `shop_image_status`, `shop_image_error`, `shop_vibe`, `shop_colors`, `shop_usp`, `selfie_used_url`, `signboard_used_url`, `questionnaire_answers`, `exterior_config`, `interior_config`, `age_group`, `module_product_progress`, `module_decorate_progress`, `module_operation_progress`, `module_marketing_progress`, `module_innovation_progress`, `module_csr_progress`, `total_sales`, `total_costs`, `total_profit`, `shop_launched`, `opening_checklist`, `ribbon_cutting_completed`, `ribbon_cutting_at`, `traffic_multiplier`, `traffic_boost_expires_at`, `launched_at`, `charity_percentage`, `selected_cause`, `total_donated`, `impact_points`, `staff_overall_mood`, `popularity_level`, `store_visitors`, `store_likes`, `store_reviews_count`, `store_rating`, `current_quest`, `streak_days`, `last_activity_date`, `last_csr_action_date`, `last_finance_game_date`, `created_at`, `updated_at`) VALUES ('019eb587-e24b-72ab-a039-5b519b628e5a','019eb587-e24a-703b-84bf-0d93d9316727','luxury','pixel-arcade-w3','/assets/shops/shop2.png',NULL,'completed',NULL,NULL,NULL,NULL,NULL,NULL,NULL,'{\"wall\": \"wall_glass\", \"banner\": \"banner_tech\", \"lights\": \"lights_string\"}','{\"theme\": \"luxury\", \"wallColor\": \"iwall_mint\", \"floorColor\": \"ifloor_tile\"}',NULL,0,0,0,0,0,0,0.00,0.00,0.00,1,NULL,0,NULL,1,NULL,'2026-04-14 00:45:25',10,NULL,0.00,0,70,11.00,206,54,5,3.7,NULL,0,NULL,NULL,NULL,'2026-06-10 23:14:01','2026-06-11 00:45:26');
REPLACE INTO `aipreneur_business` (`id`, `student_id`, `shop_theme`, `shop_url_slug`, `shop_image_url`, `shop_scene_image_url`, `shop_image_status`, `shop_image_error`, `shop_vibe`, `shop_colors`, `shop_usp`, `selfie_used_url`, `signboard_used_url`, `questionnaire_answers`, `exterior_config`, `interior_config`, `age_group`, `module_product_progress`, `module_decorate_progress`, `module_operation_progress`, `module_marketing_progress`, `module_innovation_progress`, `module_csr_progress`, `total_sales`, `total_costs`, `total_profit`, `shop_launched`, `opening_checklist`, `ribbon_cutting_completed`, `ribbon_cutting_at`, `traffic_multiplier`, `traffic_boost_expires_at`, `launched_at`, `charity_percentage`, `selected_cause`, `total_donated`, `impact_points`, `staff_overall_mood`, `popularity_level`, `store_visitors`, `store_likes`, `store_reviews_count`, `store_rating`, `current_quest`, `streak_days`, `last_activity_date`, `last_csr_action_date`, `last_finance_game_date`, `created_at`, `updated_at`) VALUES ('019eb587-e33b-7159-8484-7673fd2e6438','019eb587-e339-72b0-b2fb-fdc41fe5cbd7','eco','sunrise-bakery-w4','/building.png',NULL,'completed',NULL,NULL,NULL,NULL,NULL,NULL,NULL,'{\"wall\": \"wall_glass\", \"banner\": \"banner_classic\", \"lights\": \"lights_string\"}','{\"theme\": \"eco\", \"wallColor\": \"iwall_peach\", \"floorColor\": \"ifloor_tile\"}',NULL,0,0,0,0,0,0,0.00,0.00,0.00,1,NULL,0,NULL,1,NULL,'2026-04-15 00:45:25',10,NULL,0.00,0,70,14.00,259,71,6,3.8,NULL,0,NULL,NULL,NULL,'2026-06-10 23:14:02','2026-06-11 00:45:26');
REPLACE INTO `aipreneur_business` (`id`, `student_id`, `shop_theme`, `shop_url_slug`, `shop_image_url`, `shop_scene_image_url`, `shop_image_status`, `shop_image_error`, `shop_vibe`, `shop_colors`, `shop_usp`, `selfie_used_url`, `signboard_used_url`, `questionnaire_answers`, `exterior_config`, `interior_config`, `age_group`, `module_product_progress`, `module_decorate_progress`, `module_operation_progress`, `module_marketing_progress`, `module_innovation_progress`, `module_csr_progress`, `total_sales`, `total_costs`, `total_profit`, `shop_launched`, `opening_checklist`, `ribbon_cutting_completed`, `ribbon_cutting_at`, `traffic_multiplier`, `traffic_boost_expires_at`, `launched_at`, `charity_percentage`, `selected_cause`, `total_donated`, `impact_points`, `staff_overall_mood`, `popularity_level`, `store_visitors`, `store_likes`, `store_reviews_count`, `store_rating`, `current_quest`, `streak_days`, `last_activity_date`, `last_csr_action_date`, `last_finance_game_date`, `created_at`, `updated_at`) VALUES ('019eb587-e42b-73c4-9c61-2539139cb152','019eb587-e42a-7138-a59e-a4f34ac97a05','gamer','turbo-toy-garage-w5','/assets/shops/shop3.png',NULL,'completed',NULL,NULL,NULL,NULL,NULL,NULL,NULL,'{\"wall\": \"wall_glass\", \"banner\": \"banner_floral\", \"lights\": \"lights_string\"}','{\"theme\": \"gamer\", \"wallColor\": \"iwall_lavender\", \"floorColor\": \"ifloor_tile\"}',NULL,0,0,0,0,0,0,0.00,0.00,0.00,1,NULL,0,NULL,1,NULL,'2026-04-16 00:45:25',10,NULL,0.00,0,70,17.00,312,88,7,3.9,NULL,0,NULL,NULL,NULL,'2026-06-10 23:14:02','2026-06-11 00:45:26');
REPLACE INTO `aipreneur_business` (`id`, `student_id`, `shop_theme`, `shop_url_slug`, `shop_image_url`, `shop_scene_image_url`, `shop_image_status`, `shop_image_error`, `shop_vibe`, `shop_colors`, `shop_usp`, `selfie_used_url`, `signboard_used_url`, `questionnaire_answers`, `exterior_config`, `interior_config`, `age_group`, `module_product_progress`, `module_decorate_progress`, `module_operation_progress`, `module_marketing_progress`, `module_innovation_progress`, `module_csr_progress`, `total_sales`, `total_costs`, `total_profit`, `shop_launched`, `opening_checklist`, `ribbon_cutting_completed`, `ribbon_cutting_at`, `traffic_multiplier`, `traffic_boost_expires_at`, `launched_at`, `charity_percentage`, `selected_cause`, `total_donated`, `impact_points`, `staff_overall_mood`, `popularity_level`, `store_visitors`, `store_likes`, `store_reviews_count`, `store_rating`, `current_quest`, `streak_days`, `last_activity_date`, `last_csr_action_date`, `last_finance_game_date`, `created_at`, `updated_at`) VALUES ('019eb587-e51b-73f8-bc1d-b422bfb655ce','019eb587-e51a-7116-964c-17790a40ca39','colorful','bubble-tea-bay-w6','/assets/shops/shop1.png',NULL,'completed',NULL,NULL,NULL,NULL,NULL,NULL,NULL,'{\"wall\": \"wall_glass\", \"banner\": \"banner_sport\", \"lights\": \"lights_string\"}','{\"theme\": \"colorful\", \"wallColor\": \"iwall_coral\", \"floorColor\": \"ifloor_tile\"}',NULL,0,0,0,0,0,0,0.00,0.00,0.00,1,NULL,0,NULL,1,NULL,'2026-04-17 00:45:25',10,NULL,0.00,0,70,20.00,365,105,8,4.0,NULL,0,NULL,NULL,NULL,'2026-06-10 23:14:02','2026-06-11 00:45:27');
REPLACE INTO `aipreneur_business` (`id`, `student_id`, `shop_theme`, `shop_url_slug`, `shop_image_url`, `shop_scene_image_url`, `shop_image_status`, `shop_image_error`, `shop_vibe`, `shop_colors`, `shop_usp`, `selfie_used_url`, `signboard_used_url`, `questionnaire_answers`, `exterior_config`, `interior_config`, `age_group`, `module_product_progress`, `module_decorate_progress`, `module_operation_progress`, `module_marketing_progress`, `module_innovation_progress`, `module_csr_progress`, `total_sales`, `total_costs`, `total_profit`, `shop_launched`, `opening_checklist`, `ribbon_cutting_completed`, `ribbon_cutting_at`, `traffic_multiplier`, `traffic_boost_expires_at`, `launched_at`, `charity_percentage`, `selected_cause`, `total_donated`, `impact_points`, `staff_overall_mood`, `popularity_level`, `store_visitors`, `store_likes`, `store_reviews_count`, `store_rating`, `current_quest`, `streak_days`, `last_activity_date`, `last_csr_action_date`, `last_finance_game_date`, `created_at`, `updated_at`) VALUES ('019eb587-e60c-7316-a136-34caa92f1f10','019eb587-e60b-727d-8c4d-5d7e410fb428','cozy','doodle-art-studio-w7','/assets/shops/shop4.png',NULL,'completed',NULL,NULL,NULL,NULL,NULL,NULL,NULL,'{\"wall\": \"wall_glass\", \"banner\": \"banner_candy\", \"lights\": \"lights_string\"}','{\"theme\": \"cozy\", \"wallColor\": \"iwall_sand\", \"floorColor\": \"ifloor_tile\"}',NULL,0,0,0,0,0,0,0.00,0.00,0.00,1,NULL,0,NULL,1,NULL,'2026-04-18 00:45:25',10,NULL,0.00,0,70,23.00,418,122,9,4.1,NULL,0,NULL,NULL,NULL,'2026-06-10 23:14:02','2026-06-11 00:45:27');
REPLACE INTO `aipreneur_business` (`id`, `student_id`, `shop_theme`, `shop_url_slug`, `shop_image_url`, `shop_scene_image_url`, `shop_image_status`, `shop_image_error`, `shop_vibe`, `shop_colors`, `shop_usp`, `selfie_used_url`, `signboard_used_url`, `questionnaire_answers`, `exterior_config`, `interior_config`, `age_group`, `module_product_progress`, `module_decorate_progress`, `module_operation_progress`, `module_marketing_progress`, `module_innovation_progress`, `module_csr_progress`, `total_sales`, `total_costs`, `total_profit`, `shop_launched`, `opening_checklist`, `ribbon_cutting_completed`, `ribbon_cutting_at`, `traffic_multiplier`, `traffic_boost_expires_at`, `launched_at`, `charity_percentage`, `selected_cause`, `total_donated`, `impact_points`, `staff_overall_mood`, `popularity_level`, `store_visitors`, `store_likes`, `store_reviews_count`, `store_rating`, `current_quest`, `streak_days`, `last_activity_date`, `last_csr_action_date`, `last_finance_game_date`, `created_at`, `updated_at`) VALUES ('019eb587-e6fd-7366-bfde-cd6ab5c63c6b','019eb587-e6fc-72f4-a221-8506a6fa562f','fancy','green-sprout-shop-w8','/assets/shops/shop2.png',NULL,'completed',NULL,NULL,NULL,NULL,NULL,NULL,NULL,'{\"wall\": \"wall_wood\", \"banner\": \"banner_neon\", \"lights\": \"lights_string\"}','{\"theme\": \"fancy\", \"wallColor\": \"iwall_sky\", \"floorColor\": \"ifloor_wood\"}',NULL,0,0,0,0,0,0,0.00,0.00,0.00,1,NULL,0,NULL,1,NULL,'2026-04-19 00:45:25',10,NULL,0.00,0,70,26.00,471,139,10,4.2,NULL,0,NULL,NULL,NULL,'2026-06-10 23:14:03','2026-06-11 00:45:27');
REPLACE INTO `aipreneur_business` (`id`, `student_id`, `shop_theme`, `shop_url_slug`, `shop_image_url`, `shop_scene_image_url`, `shop_image_status`, `shop_image_error`, `shop_vibe`, `shop_colors`, `shop_usp`, `selfie_used_url`, `signboard_used_url`, `questionnaire_answers`, `exterior_config`, `interior_config`, `age_group`, `module_product_progress`, `module_decorate_progress`, `module_operation_progress`, `module_marketing_progress`, `module_innovation_progress`, `module_csr_progress`, `total_sales`, `total_costs`, `total_profit`, `shop_launched`, `opening_checklist`, `ribbon_cutting_completed`, `ribbon_cutting_at`, `traffic_multiplier`, `traffic_boost_expires_at`, `launched_at`, `charity_percentage`, `selected_cause`, `total_donated`, `impact_points`, `staff_overall_mood`, `popularity_level`, `store_visitors`, `store_likes`, `store_reviews_count`, `store_rating`, `current_quest`, `streak_days`, `last_activity_date`, `last_csr_action_date`, `last_finance_game_date`, `created_at`, `updated_at`) VALUES ('019eb587-e7ec-7134-aaf3-fe929f3bfa99','019eb587-e7eb-7224-be08-d0044b3c9951','playful','scoops-smiles-w9','/building.png',NULL,'completed',NULL,NULL,NULL,NULL,NULL,NULL,NULL,'{\"wall\": \"wall_wood\", \"banner\": \"banner_wood\", \"lights\": \"lights_string\"}','{\"theme\": \"playful\", \"wallColor\": \"iwall_cream\", \"floorColor\": \"ifloor_wood\"}',NULL,0,0,0,0,0,0,0.00,0.00,0.00,1,NULL,0,NULL,1,NULL,'2026-04-20 00:45:25',10,NULL,0.00,0,70,29.00,524,156,11,4.3,NULL,0,NULL,NULL,NULL,'2026-06-10 23:14:03','2026-06-11 00:45:27');
REPLACE INTO `aipreneur_business` (`id`, `student_id`, `shop_theme`, `shop_url_slug`, `shop_image_url`, `shop_scene_image_url`, `shop_image_status`, `shop_image_error`, `shop_vibe`, `shop_colors`, `shop_usp`, `selfie_used_url`, `signboard_used_url`, `questionnaire_answers`, `exterior_config`, `interior_config`, `age_group`, `module_product_progress`, `module_decorate_progress`, `module_operation_progress`, `module_marketing_progress`, `module_innovation_progress`, `module_csr_progress`, `total_sales`, `total_costs`, `total_profit`, `shop_launched`, `opening_checklist`, `ribbon_cutting_completed`, `ribbon_cutting_at`, `traffic_multiplier`, `traffic_boost_expires_at`, `launched_at`, `charity_percentage`, `selected_cause`, `total_donated`, `impact_points`, `staff_overall_mood`, `popularity_level`, `store_visitors`, `store_likes`, `store_reviews_count`, `store_rating`, `current_quest`, `streak_days`, `last_activity_date`, `last_csr_action_date`, `last_finance_game_date`, `created_at`, `updated_at`) VALUES ('019eb587-e8dc-725d-abcf-a740451ccc60','019eb587-e8db-7238-840a-99550b3bbb7c','fun','whisker-wonderland-w10','/assets/shops/shop3.png',NULL,'completed',NULL,NULL,NULL,NULL,NULL,NULL,NULL,'{\"wall\": \"wall_wood\", \"banner\": \"banner_tech\", \"lights\": \"lights_string\"}','{\"theme\": \"fun\", \"wallColor\": \"iwall_mint\", \"floorColor\": \"ifloor_wood\"}',NULL,0,0,0,0,0,0,0.00,0.00,0.00,1,NULL,0,NULL,1,NULL,'2026-04-21 00:45:25',10,NULL,0.00,0,70,32.00,577,173,12,4.4,NULL,0,NULL,NULL,NULL,'2026-06-10 23:14:03','2026-06-11 00:45:28');
REPLACE INTO `aipreneur_business` (`id`, `student_id`, `shop_theme`, `shop_url_slug`, `shop_image_url`, `shop_scene_image_url`, `shop_image_status`, `shop_image_error`, `shop_vibe`, `shop_colors`, `shop_usp`, `selfie_used_url`, `signboard_used_url`, `questionnaire_answers`, `exterior_config`, `interior_config`, `age_group`, `module_product_progress`, `module_decorate_progress`, `module_operation_progress`, `module_marketing_progress`, `module_innovation_progress`, `module_csr_progress`, `total_sales`, `total_costs`, `total_profit`, `shop_launched`, `opening_checklist`, `ribbon_cutting_completed`, `ribbon_cutting_at`, `traffic_multiplier`, `traffic_boost_expires_at`, `launched_at`, `charity_percentage`, `selected_cause`, `total_donated`, `impact_points`, `staff_overall_mood`, `popularity_level`, `store_visitors`, `store_likes`, `store_reviews_count`, `store_rating`, `current_quest`, `streak_days`, `last_activity_date`, `last_csr_action_date`, `last_finance_game_date`, `created_at`, `updated_at`) VALUES ('019eb587-e9cb-7092-955b-40e7cec80af6','019eb587-e9ca-7018-a3b9-dacb34d0c8c8','modern','game-over-lounge-w11','/assets/shops/shop1.png',NULL,'completed',NULL,NULL,NULL,NULL,NULL,NULL,NULL,'{\"wall\": \"wall_wood\", \"banner\": \"banner_classic\", \"lights\": \"lights_string\"}','{\"theme\": \"modern\", \"wallColor\": \"iwall_peach\", \"floorColor\": \"ifloor_wood\"}',NULL,0,0,0,0,0,0,0.00,0.00,0.00,1,NULL,0,NULL,1,NULL,'2026-04-22 00:45:25',10,NULL,0.00,0,70,35.00,630,190,13,4.5,NULL,0,NULL,NULL,NULL,'2026-06-10 23:14:03','2026-06-11 00:45:28');
REPLACE INTO `aipreneur_business` (`id`, `student_id`, `shop_theme`, `shop_url_slug`, `shop_image_url`, `shop_scene_image_url`, `shop_image_status`, `shop_image_error`, `shop_vibe`, `shop_colors`, `shop_usp`, `selfie_used_url`, `signboard_used_url`, `questionnaire_answers`, `exterior_config`, `interior_config`, `age_group`, `module_product_progress`, `module_decorate_progress`, `module_operation_progress`, `module_marketing_progress`, `module_innovation_progress`, `module_csr_progress`, `total_sales`, `total_costs`, `total_profit`, `shop_launched`, `opening_checklist`, `ribbon_cutting_completed`, `ribbon_cutting_at`, `traffic_multiplier`, `traffic_boost_expires_at`, `launched_at`, `charity_percentage`, `selected_cause`, `total_donated`, `impact_points`, `staff_overall_mood`, `popularity_level`, `store_visitors`, `store_likes`, `store_reviews_count`, `store_rating`, `current_quest`, `streak_days`, `last_activity_date`, `last_csr_action_date`, `last_finance_game_date`, `created_at`, `updated_at`) VALUES ('019eb587-eabb-73aa-9b9f-5f8b61f84daa','019eb587-eaba-70fb-bbbf-625642e1ef0d','luxury','sweet-crumb-corner-w12','/assets/shops/shop4.png',NULL,'completed',NULL,NULL,NULL,NULL,NULL,NULL,NULL,'{\"wall\": \"wall_wood\", \"banner\": \"banner_floral\", \"lights\": \"lights_string\"}','{\"theme\": \"luxury\", \"wallColor\": \"iwall_lavender\", \"floorColor\": \"ifloor_wood\"}',NULL,0,0,0,0,0,0,0.00,0.00,0.00,1,NULL,0,NULL,1,NULL,'2026-04-23 00:45:25',10,NULL,0.00,0,70,38.00,683,207,14,4.6,NULL,0,NULL,NULL,NULL,'2026-06-10 23:14:04','2026-06-11 00:45:28');
REPLACE INTO `aipreneur_business` (`id`, `student_id`, `shop_theme`, `shop_url_slug`, `shop_image_url`, `shop_scene_image_url`, `shop_image_status`, `shop_image_error`, `shop_vibe`, `shop_colors`, `shop_usp`, `selfie_used_url`, `signboard_used_url`, `questionnaire_answers`, `exterior_config`, `interior_config`, `age_group`, `module_product_progress`, `module_decorate_progress`, `module_operation_progress`, `module_marketing_progress`, `module_innovation_progress`, `module_csr_progress`, `total_sales`, `total_costs`, `total_profit`, `shop_launched`, `opening_checklist`, `ribbon_cutting_completed`, `ribbon_cutting_at`, `traffic_multiplier`, `traffic_boost_expires_at`, `launched_at`, `charity_percentage`, `selected_cause`, `total_donated`, `impact_points`, `staff_overall_mood`, `popularity_level`, `store_visitors`, `store_likes`, `store_reviews_count`, `store_rating`, `current_quest`, `streak_days`, `last_activity_date`, `last_csr_action_date`, `last_finance_game_date`, `created_at`, `updated_at`) VALUES ('019eb587-ebaa-7239-a536-958e178fca19','019eb587-eba9-7232-843d-cb70be2b0152','eco','speedy-wheels-w13','/assets/shops/shop2.png',NULL,'completed',NULL,NULL,NULL,NULL,NULL,NULL,NULL,'{\"wall\": \"wall_wood\", \"banner\": \"banner_sport\", \"lights\": \"lights_string\"}','{\"theme\": \"eco\", \"wallColor\": \"iwall_coral\", \"floorColor\": \"ifloor_wood\"}',NULL,0,0,0,0,0,0,0.00,0.00,0.00,1,NULL,0,NULL,1,NULL,'2026-04-24 00:45:25',10,NULL,0.00,0,70,41.00,736,224,15,4.7,NULL,0,NULL,NULL,NULL,'2026-06-10 23:14:04','2026-06-11 00:45:28');
REPLACE INTO `aipreneur_business` (`id`, `student_id`, `shop_theme`, `shop_url_slug`, `shop_image_url`, `shop_scene_image_url`, `shop_image_status`, `shop_image_error`, `shop_vibe`, `shop_colors`, `shop_usp`, `selfie_used_url`, `signboard_used_url`, `questionnaire_answers`, `exterior_config`, `interior_config`, `age_group`, `module_product_progress`, `module_decorate_progress`, `module_operation_progress`, `module_marketing_progress`, `module_innovation_progress`, `module_csr_progress`, `total_sales`, `total_costs`, `total_profit`, `shop_launched`, `opening_checklist`, `ribbon_cutting_completed`, `ribbon_cutting_at`, `traffic_multiplier`, `traffic_boost_expires_at`, `launched_at`, `charity_percentage`, `selected_cause`, `total_donated`, `impact_points`, `staff_overall_mood`, `popularity_level`, `store_visitors`, `store_likes`, `store_reviews_count`, `store_rating`, `current_quest`, `streak_days`, `last_activity_date`, `last_csr_action_date`, `last_finance_game_date`, `created_at`, `updated_at`) VALUES ('019eb587-ec9a-70d2-bdff-644459dedb9e','019eb587-ec99-7228-9ee6-14d4bb6455d7','gamer','fizz-pop-drinks-w14','/building.png',NULL,'completed',NULL,NULL,NULL,NULL,NULL,NULL,NULL,'{\"wall\": \"wall_wood\", \"banner\": \"banner_candy\", \"lights\": \"lights_string\"}','{\"theme\": \"gamer\", \"wallColor\": \"iwall_sand\", \"floorColor\": \"ifloor_wood\"}',NULL,0,0,0,0,0,0,0.00,0.00,0.00,1,NULL,0,NULL,1,NULL,'2026-04-25 00:45:25',10,NULL,0.00,0,70,44.00,789,241,16,4.8,NULL,0,NULL,NULL,NULL,'2026-06-10 23:14:04','2026-06-11 00:45:29');
REPLACE INTO `aipreneur_business` (`id`, `student_id`, `shop_theme`, `shop_url_slug`, `shop_image_url`, `shop_scene_image_url`, `shop_image_status`, `shop_image_error`, `shop_vibe`, `shop_colors`, `shop_usp`, `selfie_used_url`, `signboard_used_url`, `questionnaire_answers`, `exterior_config`, `interior_config`, `age_group`, `module_product_progress`, `module_decorate_progress`, `module_operation_progress`, `module_marketing_progress`, `module_innovation_progress`, `module_csr_progress`, `total_sales`, `total_costs`, `total_profit`, `shop_launched`, `opening_checklist`, `ribbon_cutting_completed`, `ribbon_cutting_at`, `traffic_multiplier`, `traffic_boost_expires_at`, `launched_at`, `charity_percentage`, `selected_cause`, `total_donated`, `impact_points`, `staff_overall_mood`, `popularity_level`, `store_visitors`, `store_likes`, `store_reviews_count`, `store_rating`, `current_quest`, `streak_days`, `last_activity_date`, `last_csr_action_date`, `last_finance_game_date`, `created_at`, `updated_at`) VALUES ('019eb587-ed97-731e-964d-bb246051a3d2','019eb587-ed95-727b-a16f-115924b6500e','colorful','rainbow-canvas-w15','/assets/shops/shop3.png',NULL,'completed',NULL,NULL,NULL,NULL,NULL,NULL,NULL,'{\"wall\": \"wall_paint_pink\", \"banner\": \"banner_neon\", \"lights\": \"lights_string\"}','{\"theme\": \"colorful\", \"wallColor\": \"iwall_sky\", \"floorColor\": \"ifloor_checker\"}',NULL,0,0,0,0,0,0,0.00,0.00,0.00,1,NULL,0,NULL,1,NULL,'2026-04-26 00:45:25',10,NULL,0.00,0,70,7.00,842,258,17,4.9,NULL,0,NULL,NULL,NULL,'2026-06-10 23:14:04','2026-06-11 00:45:29');
REPLACE INTO `aipreneur_business` (`id`, `student_id`, `shop_theme`, `shop_url_slug`, `shop_image_url`, `shop_scene_image_url`, `shop_image_status`, `shop_image_error`, `shop_vibe`, `shop_colors`, `shop_usp`, `selfie_used_url`, `signboard_used_url`, `questionnaire_answers`, `exterior_config`, `interior_config`, `age_group`, `module_product_progress`, `module_decorate_progress`, `module_operation_progress`, `module_marketing_progress`, `module_innovation_progress`, `module_csr_progress`, `total_sales`, `total_costs`, `total_profit`, `shop_launched`, `opening_checklist`, `ribbon_cutting_completed`, `ribbon_cutting_at`, `traffic_multiplier`, `traffic_boost_expires_at`, `launched_at`, `charity_percentage`, `selected_cause`, `total_donated`, `impact_points`, `staff_overall_mood`, `popularity_level`, `store_visitors`, `store_likes`, `store_reviews_count`, `store_rating`, `current_quest`, `streak_days`, `last_activity_date`, `last_csr_action_date`, `last_finance_game_date`, `created_at`, `updated_at`) VALUES ('019eb587-ee8c-7012-9a3b-548b6d6eb768','019eb587-ee8b-7155-8cf1-933d42f890eb','cozy','leafy-greens-market-w16','/assets/shops/shop1.png',NULL,'completed',NULL,NULL,NULL,NULL,NULL,NULL,NULL,'{\"wall\": \"wall_paint_pink\", \"banner\": \"banner_wood\", \"lights\": \"lights_string\"}','{\"theme\": \"cozy\", \"wallColor\": \"iwall_cream\", \"floorColor\": \"ifloor_checker\"}',NULL,0,0,0,0,0,0,0.00,0.00,0.00,1,NULL,0,NULL,1,NULL,'2026-04-27 00:45:25',10,NULL,0.00,0,70,10.00,895,275,18,3.5,NULL,0,NULL,NULL,NULL,'2026-06-10 23:14:05','2026-06-11 00:45:29');
REPLACE INTO `aipreneur_business` (`id`, `student_id`, `shop_theme`, `shop_url_slug`, `shop_image_url`, `shop_scene_image_url`, `shop_image_status`, `shop_image_error`, `shop_vibe`, `shop_colors`, `shop_usp`, `selfie_used_url`, `signboard_used_url`, `questionnaire_answers`, `exterior_config`, `interior_config`, `age_group`, `module_product_progress`, `module_decorate_progress`, `module_operation_progress`, `module_marketing_progress`, `module_innovation_progress`, `module_csr_progress`, `total_sales`, `total_costs`, `total_profit`, `shop_launched`, `opening_checklist`, `ribbon_cutting_completed`, `ribbon_cutting_at`, `traffic_multiplier`, `traffic_boost_expires_at`, `launched_at`, `charity_percentage`, `selected_cause`, `total_donated`, `impact_points`, `staff_overall_mood`, `popularity_level`, `store_visitors`, `store_likes`, `store_reviews_count`, `store_rating`, `current_quest`, `streak_days`, `last_activity_date`, `last_csr_action_date`, `last_finance_game_date`, `created_at`, `updated_at`) VALUES ('019eb587-ef7d-72df-801b-4b6f8caccfa8','019eb587-ef7c-739d-bd00-260fbb80880a','fancy','gelato-galaxy-w17','/assets/shops/shop4.png',NULL,'completed',NULL,NULL,NULL,NULL,NULL,NULL,NULL,'{\"wall\": \"wall_paint_pink\", \"banner\": \"banner_tech\", \"lights\": \"lights_string\"}','{\"theme\": \"fancy\", \"wallColor\": \"iwall_mint\", \"floorColor\": \"ifloor_checker\"}',NULL,0,0,0,0,0,0,0.00,0.00,0.00,1,NULL,0,NULL,1,NULL,'2026-04-28 00:45:25',10,NULL,0.00,0,70,13.00,948,292,19,3.6,NULL,0,NULL,NULL,NULL,'2026-06-10 23:14:05','2026-06-11 00:45:29');
REPLACE INTO `aipreneur_business` (`id`, `student_id`, `shop_theme`, `shop_url_slug`, `shop_image_url`, `shop_scene_image_url`, `shop_image_status`, `shop_image_error`, `shop_vibe`, `shop_colors`, `shop_usp`, `selfie_used_url`, `signboard_used_url`, `questionnaire_answers`, `exterior_config`, `interior_config`, `age_group`, `module_product_progress`, `module_decorate_progress`, `module_operation_progress`, `module_marketing_progress`, `module_innovation_progress`, `module_csr_progress`, `total_sales`, `total_costs`, `total_profit`, `shop_launched`, `opening_checklist`, `ribbon_cutting_completed`, `ribbon_cutting_at`, `traffic_multiplier`, `traffic_boost_expires_at`, `launched_at`, `charity_percentage`, `selected_cause`, `total_donated`, `impact_points`, `staff_overall_mood`, `popularity_level`, `store_visitors`, `store_likes`, `store_reviews_count`, `store_rating`, `current_quest`, `streak_days`, `last_activity_date`, `last_csr_action_date`, `last_finance_game_date`, `created_at`, `updated_at`) VALUES ('019eb587-f097-739b-aaa9-ea6911dc54ba','019eb587-f096-70e3-be40-8c4cd9e7905f','playful','pawfect-pet-stop-w18','/assets/shops/shop2.png',NULL,'completed',NULL,NULL,NULL,NULL,NULL,NULL,NULL,'{\"wall\": \"wall_paint_pink\", \"banner\": \"banner_classic\", \"lights\": \"lights_string\"}','{\"theme\": \"playful\", \"wallColor\": \"iwall_peach\", \"floorColor\": \"ifloor_checker\"}',NULL,0,0,0,0,0,0,0.00,0.00,0.00,1,NULL,0,NULL,1,NULL,'2026-04-29 00:45:25',10,NULL,0.00,0,70,16.00,1001,309,20,3.7,NULL,0,NULL,NULL,NULL,'2026-06-10 23:14:05','2026-06-11 00:45:30');
REPLACE INTO `aipreneur_business` (`id`, `student_id`, `shop_theme`, `shop_url_slug`, `shop_image_url`, `shop_scene_image_url`, `shop_image_status`, `shop_image_error`, `shop_vibe`, `shop_colors`, `shop_usp`, `selfie_used_url`, `signboard_used_url`, `questionnaire_answers`, `exterior_config`, `interior_config`, `age_group`, `module_product_progress`, `module_decorate_progress`, `module_operation_progress`, `module_marketing_progress`, `module_innovation_progress`, `module_csr_progress`, `total_sales`, `total_costs`, `total_profit`, `shop_launched`, `opening_checklist`, `ribbon_cutting_completed`, `ribbon_cutting_at`, `traffic_multiplier`, `traffic_boost_expires_at`, `launched_at`, `charity_percentage`, `selected_cause`, `total_donated`, `impact_points`, `staff_overall_mood`, `popularity_level`, `store_visitors`, `store_likes`, `store_reviews_count`, `store_rating`, `current_quest`, `streak_days`, `last_activity_date`, `last_csr_action_date`, `last_finance_game_date`, `created_at`, `updated_at`) VALUES ('019eb587-f188-708c-a96b-ba06dc7e0efd','019eb587-f187-724d-92d0-538d4ddb87c3','fun','joystick-junction-w19','/building.png',NULL,'completed',NULL,NULL,NULL,NULL,NULL,NULL,NULL,'{\"wall\": \"wall_paint_pink\", \"banner\": \"banner_floral\", \"lights\": \"lights_string\"}','{\"theme\": \"fun\", \"wallColor\": \"iwall_lavender\", \"floorColor\": \"ifloor_checker\"}',NULL,0,0,0,0,0,0,0.00,0.00,0.00,1,NULL,0,NULL,1,NULL,'2026-04-30 00:45:25',10,NULL,0.00,0,70,19.00,1054,326,21,3.8,NULL,0,NULL,NULL,NULL,'2026-06-10 23:14:05','2026-06-11 00:45:30');
REPLACE INTO `aipreneur_business` (`id`, `student_id`, `shop_theme`, `shop_url_slug`, `shop_image_url`, `shop_scene_image_url`, `shop_image_status`, `shop_image_error`, `shop_vibe`, `shop_colors`, `shop_usp`, `selfie_used_url`, `signboard_used_url`, `questionnaire_answers`, `exterior_config`, `interior_config`, `age_group`, `module_product_progress`, `module_decorate_progress`, `module_operation_progress`, `module_marketing_progress`, `module_innovation_progress`, `module_csr_progress`, `total_sales`, `total_costs`, `total_profit`, `shop_launched`, `opening_checklist`, `ribbon_cutting_completed`, `ribbon_cutting_at`, `traffic_multiplier`, `traffic_boost_expires_at`, `launched_at`, `charity_percentage`, `selected_cause`, `total_donated`, `impact_points`, `staff_overall_mood`, `popularity_level`, `store_visitors`, `store_likes`, `store_reviews_count`, `store_rating`, `current_quest`, `streak_days`, `last_activity_date`, `last_csr_action_date`, `last_finance_game_date`, `created_at`, `updated_at`) VALUES ('019eb587-f278-73b9-ab08-7eb0599500d5','019eb587-f277-719d-b86d-d4cbc4425c62','modern','muffin-magic-w20','/assets/shops/shop3.png',NULL,'completed',NULL,NULL,NULL,NULL,NULL,NULL,NULL,'{\"wall\": \"wall_paint_pink\", \"banner\": \"banner_sport\", \"lights\": \"lights_string\"}','{\"theme\": \"modern\", \"wallColor\": \"iwall_coral\", \"floorColor\": \"ifloor_checker\"}',NULL,0,0,0,0,0,0,0.00,0.00,0.00,1,NULL,0,NULL,1,NULL,'2026-05-01 00:45:25',10,NULL,0.00,0,70,22.00,1107,343,22,3.9,NULL,0,NULL,NULL,NULL,'2026-06-10 23:14:06','2026-06-11 00:45:30');
REPLACE INTO `aipreneur_business` (`id`, `student_id`, `shop_theme`, `shop_url_slug`, `shop_image_url`, `shop_scene_image_url`, `shop_image_status`, `shop_image_error`, `shop_vibe`, `shop_colors`, `shop_usp`, `selfie_used_url`, `signboard_used_url`, `questionnaire_answers`, `exterior_config`, `interior_config`, `age_group`, `module_product_progress`, `module_decorate_progress`, `module_operation_progress`, `module_marketing_progress`, `module_innovation_progress`, `module_csr_progress`, `total_sales`, `total_costs`, `total_profit`, `shop_launched`, `opening_checklist`, `ribbon_cutting_completed`, `ribbon_cutting_at`, `traffic_multiplier`, `traffic_boost_expires_at`, `launched_at`, `charity_percentage`, `selected_cause`, `total_donated`, `impact_points`, `staff_overall_mood`, `popularity_level`, `store_visitors`, `store_likes`, `store_reviews_count`, `store_rating`, `current_quest`, `streak_days`, `last_activity_date`, `last_csr_action_date`, `last_finance_game_date`, `created_at`, `updated_at`) VALUES ('019eb58f-36bd-7187-82d9-16cf0e11810e','019eb58f-36bc-7119-9d25-1a2f44ff9fcb','luxury','cosmic-cones-w21','/assets/shops/shop1.png',NULL,'completed',NULL,NULL,NULL,NULL,NULL,NULL,NULL,'{\"wall\": \"wall_paint_pink\", \"banner\": \"banner_candy\", \"lights\": \"lights_string\"}','{\"theme\": \"luxury\", \"wallColor\": \"iwall_sand\", \"floorColor\": \"ifloor_checker\"}',NULL,0,0,0,0,0,0,0.00,0.00,0.00,1,NULL,0,NULL,1,NULL,'2026-05-02 00:45:25',10,NULL,0.00,0,70,25.00,1160,360,23,4.0,NULL,0,NULL,NULL,NULL,'2026-06-10 23:22:02','2026-06-11 00:45:30');
REPLACE INTO `aipreneur_business` (`id`, `student_id`, `shop_theme`, `shop_url_slug`, `shop_image_url`, `shop_scene_image_url`, `shop_image_status`, `shop_image_error`, `shop_vibe`, `shop_colors`, `shop_usp`, `selfie_used_url`, `signboard_used_url`, `questionnaire_answers`, `exterior_config`, `interior_config`, `age_group`, `module_product_progress`, `module_decorate_progress`, `module_operation_progress`, `module_marketing_progress`, `module_innovation_progress`, `module_csr_progress`, `total_sales`, `total_costs`, `total_profit`, `shop_launched`, `opening_checklist`, `ribbon_cutting_completed`, `ribbon_cutting_at`, `traffic_multiplier`, `traffic_boost_expires_at`, `launched_at`, `charity_percentage`, `selected_cause`, `total_donated`, `impact_points`, `staff_overall_mood`, `popularity_level`, `store_visitors`, `store_likes`, `store_reviews_count`, `store_rating`, `current_quest`, `streak_days`, `last_activity_date`, `last_csr_action_date`, `last_finance_game_date`, `created_at`, `updated_at`) VALUES ('019eb58f-37ae-7172-9b81-9a0a5f13221e','019eb58f-37ad-71a5-9755-212de4962b96','eco','puppy-palace-w22','/assets/shops/shop4.png',NULL,'completed',NULL,NULL,NULL,NULL,NULL,NULL,NULL,'{\"wall\": \"wall_dark\", \"banner\": \"banner_neon\", \"lights\": \"lights_string\"}','{\"theme\": \"eco\", \"wallColor\": \"iwall_sky\", \"floorColor\": \"ifloor_marble\"}',NULL,0,0,0,0,0,0,0.00,0.00,0.00,1,NULL,0,NULL,1,NULL,'2026-05-03 00:45:25',10,NULL,0.00,0,70,28.00,1213,377,24,4.1,NULL,0,NULL,NULL,NULL,'2026-06-10 23:22:02','2026-06-11 00:45:31');
REPLACE INTO `aipreneur_business` (`id`, `student_id`, `shop_theme`, `shop_url_slug`, `shop_image_url`, `shop_scene_image_url`, `shop_image_status`, `shop_image_error`, `shop_vibe`, `shop_colors`, `shop_usp`, `selfie_used_url`, `signboard_used_url`, `questionnaire_answers`, `exterior_config`, `interior_config`, `age_group`, `module_product_progress`, `module_decorate_progress`, `module_operation_progress`, `module_marketing_progress`, `module_innovation_progress`, `module_csr_progress`, `total_sales`, `total_costs`, `total_profit`, `shop_launched`, `opening_checklist`, `ribbon_cutting_completed`, `ribbon_cutting_at`, `traffic_multiplier`, `traffic_boost_expires_at`, `launched_at`, `charity_percentage`, `selected_cause`, `total_donated`, `impact_points`, `staff_overall_mood`, `popularity_level`, `store_visitors`, `store_likes`, `store_reviews_count`, `store_rating`, `current_quest`, `streak_days`, `last_activity_date`, `last_csr_action_date`, `last_finance_game_date`, `created_at`, `updated_at`) VALUES ('019eb58f-389e-73ff-8fec-ffe2ab5bd296','019eb58f-389d-71e5-9451-4af03680c679','gamer','retro-realm-w23','/assets/shops/shop2.png',NULL,'completed',NULL,NULL,NULL,NULL,NULL,NULL,NULL,'{\"wall\": \"wall_dark\", \"banner\": \"banner_wood\", \"lights\": \"lights_string\"}','{\"theme\": \"gamer\", \"wallColor\": \"iwall_cream\", \"floorColor\": \"ifloor_marble\"}',NULL,0,0,0,0,0,0,0.00,0.00,0.00,1,NULL,0,NULL,1,NULL,'2026-05-04 00:45:25',10,NULL,0.00,0,70,31.00,1266,394,25,4.2,NULL,0,NULL,NULL,NULL,'2026-06-10 23:22:02','2026-06-11 00:45:31');
REPLACE INTO `aipreneur_business` (`id`, `student_id`, `shop_theme`, `shop_url_slug`, `shop_image_url`, `shop_scene_image_url`, `shop_image_status`, `shop_image_error`, `shop_vibe`, `shop_colors`, `shop_usp`, `selfie_used_url`, `signboard_used_url`, `questionnaire_answers`, `exterior_config`, `interior_config`, `age_group`, `module_product_progress`, `module_decorate_progress`, `module_operation_progress`, `module_marketing_progress`, `module_innovation_progress`, `module_csr_progress`, `total_sales`, `total_costs`, `total_profit`, `shop_launched`, `opening_checklist`, `ribbon_cutting_completed`, `ribbon_cutting_at`, `traffic_multiplier`, `traffic_boost_expires_at`, `launched_at`, `charity_percentage`, `selected_cause`, `total_donated`, `impact_points`, `staff_overall_mood`, `popularity_level`, `store_visitors`, `store_likes`, `store_reviews_count`, `store_rating`, `current_quest`, `streak_days`, `last_activity_date`, `last_csr_action_date`, `last_finance_game_date`, `created_at`, `updated_at`) VALUES ('019eb58f-398f-7106-a5e8-9038ac38dd25','019eb58f-398e-7239-8cdd-6ff81b6b006a','colorful','crusty-loaf-bakehouse-w24','/building.png',NULL,'completed',NULL,NULL,NULL,NULL,NULL,NULL,NULL,'{\"wall\": \"wall_dark\", \"banner\": \"banner_tech\", \"lights\": \"lights_string\"}','{\"theme\": \"colorful\", \"wallColor\": \"iwall_mint\", \"floorColor\": \"ifloor_marble\"}',NULL,0,0,0,0,0,0,0.00,0.00,0.00,1,NULL,0,NULL,1,NULL,'2026-05-05 00:45:25',10,NULL,0.00,0,70,34.00,1319,411,26,4.3,NULL,0,NULL,NULL,NULL,'2026-06-10 23:22:03','2026-06-11 00:45:31');
REPLACE INTO `aipreneur_business` (`id`, `student_id`, `shop_theme`, `shop_url_slug`, `shop_image_url`, `shop_scene_image_url`, `shop_image_status`, `shop_image_error`, `shop_vibe`, `shop_colors`, `shop_usp`, `selfie_used_url`, `signboard_used_url`, `questionnaire_answers`, `exterior_config`, `interior_config`, `age_group`, `module_product_progress`, `module_decorate_progress`, `module_operation_progress`, `module_marketing_progress`, `module_innovation_progress`, `module_csr_progress`, `total_sales`, `total_costs`, `total_profit`, `shop_launched`, `opening_checklist`, `ribbon_cutting_completed`, `ribbon_cutting_at`, `traffic_multiplier`, `traffic_boost_expires_at`, `launched_at`, `charity_percentage`, `selected_cause`, `total_donated`, `impact_points`, `staff_overall_mood`, `popularity_level`, `store_visitors`, `store_likes`, `store_reviews_count`, `store_rating`, `current_quest`, `streak_days`, `last_activity_date`, `last_csr_action_date`, `last_finance_game_date`, `created_at`, `updated_at`) VALUES ('019eb58f-3a80-714e-a96d-03a59903598d','019eb58f-3a7f-715b-b7bb-f8bb83f3ecf2','cozy','mega-motors-mini-w25','/assets/shops/shop3.png',NULL,'completed',NULL,NULL,NULL,NULL,NULL,NULL,NULL,'{\"wall\": \"wall_dark\", \"banner\": \"banner_classic\", \"lights\": \"lights_string\"}','{\"theme\": \"cozy\", \"wallColor\": \"iwall_peach\", \"floorColor\": \"ifloor_marble\"}',NULL,0,0,0,0,0,0,0.00,0.00,0.00,1,NULL,0,NULL,1,NULL,'2026-05-06 00:45:25',10,NULL,0.00,0,70,37.00,1372,428,27,4.4,NULL,0,NULL,NULL,NULL,'2026-06-10 23:22:03','2026-06-11 00:45:31');
REPLACE INTO `aipreneur_business` (`id`, `student_id`, `shop_theme`, `shop_url_slug`, `shop_image_url`, `shop_scene_image_url`, `shop_image_status`, `shop_image_error`, `shop_vibe`, `shop_colors`, `shop_usp`, `selfie_used_url`, `signboard_used_url`, `questionnaire_answers`, `exterior_config`, `interior_config`, `age_group`, `module_product_progress`, `module_decorate_progress`, `module_operation_progress`, `module_marketing_progress`, `module_innovation_progress`, `module_csr_progress`, `total_sales`, `total_costs`, `total_profit`, `shop_launched`, `opening_checklist`, `ribbon_cutting_completed`, `ribbon_cutting_at`, `traffic_multiplier`, `traffic_boost_expires_at`, `launched_at`, `charity_percentage`, `selected_cause`, `total_donated`, `impact_points`, `staff_overall_mood`, `popularity_level`, `store_visitors`, `store_likes`, `store_reviews_count`, `store_rating`, `current_quest`, `streak_days`, `last_activity_date`, `last_csr_action_date`, `last_finance_game_date`, `created_at`, `updated_at`) VALUES ('019eb58f-3b71-705f-9171-9ef12c3536e4','019eb58f-3b70-7374-ab89-05bae377f8a2','fancy','slushie-station-w26','/assets/shops/shop1.png',NULL,'completed',NULL,NULL,NULL,NULL,NULL,NULL,NULL,'{\"wall\": \"wall_dark\", \"banner\": \"banner_floral\", \"lights\": \"lights_string\"}','{\"theme\": \"fancy\", \"wallColor\": \"iwall_lavender\", \"floorColor\": \"ifloor_marble\"}',NULL,0,0,0,0,0,0,0.00,0.00,0.00,1,NULL,0,NULL,1,NULL,'2026-05-07 00:45:25',10,NULL,0.00,0,70,40.00,1425,445,28,4.5,NULL,0,NULL,NULL,NULL,'2026-06-10 23:22:03','2026-06-11 00:45:32');
REPLACE INTO `aipreneur_business` (`id`, `student_id`, `shop_theme`, `shop_url_slug`, `shop_image_url`, `shop_scene_image_url`, `shop_image_status`, `shop_image_error`, `shop_vibe`, `shop_colors`, `shop_usp`, `selfie_used_url`, `signboard_used_url`, `questionnaire_answers`, `exterior_config`, `interior_config`, `age_group`, `module_product_progress`, `module_decorate_progress`, `module_operation_progress`, `module_marketing_progress`, `module_innovation_progress`, `module_csr_progress`, `total_sales`, `total_costs`, `total_profit`, `shop_launched`, `opening_checklist`, `ribbon_cutting_completed`, `ribbon_cutting_at`, `traffic_multiplier`, `traffic_boost_expires_at`, `launched_at`, `charity_percentage`, `selected_cause`, `total_donated`, `impact_points`, `staff_overall_mood`, `popularity_level`, `store_visitors`, `store_likes`, `store_reviews_count`, `store_rating`, `current_quest`, `streak_days`, `last_activity_date`, `last_csr_action_date`, `last_finance_game_date`, `created_at`, `updated_at`) VALUES ('019eb58f-3c62-735b-85e5-b88fb00d39be','019eb58f-3c61-711f-9569-a8537a9d4991','playful','splatter-studio-w27','/assets/shops/shop4.png',NULL,'completed',NULL,NULL,NULL,NULL,NULL,NULL,NULL,'{\"wall\": \"wall_dark\", \"banner\": \"banner_sport\", \"lights\": \"lights_string\"}','{\"theme\": \"playful\", \"wallColor\": \"iwall_coral\", \"floorColor\": \"ifloor_marble\"}',NULL,0,0,0,0,0,0,0.00,0.00,0.00,1,NULL,0,NULL,1,NULL,'2026-05-08 00:45:25',10,NULL,0.00,0,70,43.00,1478,462,29,4.6,NULL,0,NULL,NULL,NULL,'2026-06-10 23:22:03','2026-06-11 00:45:32');
REPLACE INTO `aipreneur_business` (`id`, `student_id`, `shop_theme`, `shop_url_slug`, `shop_image_url`, `shop_scene_image_url`, `shop_image_status`, `shop_image_error`, `shop_vibe`, `shop_colors`, `shop_usp`, `selfie_used_url`, `signboard_used_url`, `questionnaire_answers`, `exterior_config`, `interior_config`, `age_group`, `module_product_progress`, `module_decorate_progress`, `module_operation_progress`, `module_marketing_progress`, `module_innovation_progress`, `module_csr_progress`, `total_sales`, `total_costs`, `total_profit`, `shop_launched`, `opening_checklist`, `ribbon_cutting_completed`, `ribbon_cutting_at`, `traffic_multiplier`, `traffic_boost_expires_at`, `launched_at`, `charity_percentage`, `selected_cause`, `total_donated`, `impact_points`, `staff_overall_mood`, `popularity_level`, `store_visitors`, `store_likes`, `store_reviews_count`, `store_rating`, `current_quest`, `streak_days`, `last_activity_date`, `last_csr_action_date`, `last_finance_game_date`, `created_at`, `updated_at`) VALUES ('019eb58f-3d53-73d8-ae93-62ae83c569d9','019eb58f-3d52-72d5-a018-d6b6ec846682','fun','fern-petal-w28','/assets/shops/shop2.png',NULL,'completed',NULL,NULL,NULL,NULL,NULL,NULL,NULL,'{\"wall\": \"wall_dark\", \"banner\": \"banner_candy\", \"lights\": \"lights_string\"}','{\"theme\": \"fun\", \"wallColor\": \"iwall_sand\", \"floorColor\": \"ifloor_marble\"}',NULL,0,0,0,0,0,0,0.00,0.00,0.00,1,NULL,0,NULL,1,NULL,'2026-05-09 00:45:25',10,NULL,0.00,0,70,6.00,1531,479,30,4.7,NULL,0,NULL,NULL,NULL,'2026-06-10 23:22:03','2026-06-11 00:45:32');
REPLACE INTO `aipreneur_business` (`id`, `student_id`, `shop_theme`, `shop_url_slug`, `shop_image_url`, `shop_scene_image_url`, `shop_image_status`, `shop_image_error`, `shop_vibe`, `shop_colors`, `shop_usp`, `selfie_used_url`, `signboard_used_url`, `questionnaire_answers`, `exterior_config`, `interior_config`, `age_group`, `module_product_progress`, `module_decorate_progress`, `module_operation_progress`, `module_marketing_progress`, `module_innovation_progress`, `module_csr_progress`, `total_sales`, `total_costs`, `total_profit`, `shop_launched`, `opening_checklist`, `ribbon_cutting_completed`, `ribbon_cutting_at`, `traffic_multiplier`, `traffic_boost_expires_at`, `launched_at`, `charity_percentage`, `selected_cause`, `total_donated`, `impact_points`, `staff_overall_mood`, `popularity_level`, `store_visitors`, `store_likes`, `store_reviews_count`, `store_rating`, `current_quest`, `streak_days`, `last_activity_date`, `last_csr_action_date`, `last_finance_game_date`, `created_at`, `updated_at`) VALUES ('019eb58f-3e45-7342-9b4c-a890403b215c','019eb58f-3e44-723d-9ede-39227861a515','modern','sundae-funday-w29','/building.png',NULL,'completed',NULL,NULL,NULL,NULL,NULL,NULL,NULL,'{\"wall\": \"wall_brick\", \"banner\": \"banner_neon\", \"lights\": \"lights_string\"}','{\"theme\": \"modern\", \"wallColor\": \"iwall_sky\", \"floorColor\": \"ifloor_grass\"}',NULL,0,0,0,0,0,0,0.00,0.00,0.00,1,NULL,0,NULL,1,NULL,'2026-05-10 00:45:25',10,NULL,0.00,0,70,9.00,1584,496,31,4.8,NULL,0,NULL,NULL,NULL,'2026-06-10 23:22:04','2026-06-11 00:45:32');
REPLACE INTO `aipreneur_business` (`id`, `student_id`, `shop_theme`, `shop_url_slug`, `shop_image_url`, `shop_scene_image_url`, `shop_image_status`, `shop_image_error`, `shop_vibe`, `shop_colors`, `shop_usp`, `selfie_used_url`, `signboard_used_url`, `questionnaire_answers`, `exterior_config`, `interior_config`, `age_group`, `module_product_progress`, `module_decorate_progress`, `module_operation_progress`, `module_marketing_progress`, `module_innovation_progress`, `module_csr_progress`, `total_sales`, `total_costs`, `total_profit`, `shop_launched`, `opening_checklist`, `ribbon_cutting_completed`, `ribbon_cutting_at`, `traffic_multiplier`, `traffic_boost_expires_at`, `launched_at`, `charity_percentage`, `selected_cause`, `total_donated`, `impact_points`, `staff_overall_mood`, `popularity_level`, `store_visitors`, `store_likes`, `store_reviews_count`, `store_rating`, `current_quest`, `streak_days`, `last_activity_date`, `last_csr_action_date`, `last_finance_game_date`, `created_at`, `updated_at`) VALUES ('019eb58f-3f37-731c-88d3-be6be7a481c2','019eb58f-3f35-723c-b074-92e024b8f02f','luxury','cuddle-critters-w30','/assets/shops/shop3.png',NULL,'completed',NULL,NULL,NULL,NULL,NULL,NULL,NULL,'{\"wall\": \"wall_brick\", \"banner\": \"banner_wood\", \"lights\": \"lights_string\"}','{\"theme\": \"luxury\", \"wallColor\": \"iwall_cream\", \"floorColor\": \"ifloor_grass\"}',NULL,0,0,0,0,0,0,0.00,0.00,0.00,1,NULL,0,NULL,1,NULL,'2026-05-11 00:45:25',10,NULL,0.00,0,70,12.00,1637,513,32,4.9,NULL,0,NULL,NULL,NULL,'2026-06-10 23:22:04','2026-06-11 00:45:33');
REPLACE INTO `aipreneur_business` (`id`, `student_id`, `shop_theme`, `shop_url_slug`, `shop_image_url`, `shop_scene_image_url`, `shop_image_status`, `shop_image_error`, `shop_vibe`, `shop_colors`, `shop_usp`, `selfie_used_url`, `signboard_used_url`, `questionnaire_answers`, `exterior_config`, `interior_config`, `age_group`, `module_product_progress`, `module_decorate_progress`, `module_operation_progress`, `module_marketing_progress`, `module_innovation_progress`, `module_csr_progress`, `total_sales`, `total_costs`, `total_profit`, `shop_launched`, `opening_checklist`, `ribbon_cutting_completed`, `ribbon_cutting_at`, `traffic_multiplier`, `traffic_boost_expires_at`, `launched_at`, `charity_percentage`, `selected_cause`, `total_donated`, `impact_points`, `staff_overall_mood`, `popularity_level`, `store_visitors`, `store_likes`, `store_reviews_count`, `store_rating`, `current_quest`, `streak_days`, `last_activity_date`, `last_csr_action_date`, `last_finance_game_date`, `created_at`, `updated_at`) VALUES ('019eb58f-4028-7036-9988-d71e5a6ec571','019eb58f-4027-72ae-8afe-d88512f83055','eco','level-up-lab-w31','/assets/shops/shop1.png',NULL,'completed',NULL,NULL,NULL,NULL,NULL,NULL,NULL,'{\"wall\": \"wall_brick\", \"banner\": \"banner_tech\", \"lights\": \"lights_string\"}','{\"theme\": \"eco\", \"wallColor\": \"iwall_mint\", \"floorColor\": \"ifloor_grass\"}',NULL,0,0,0,0,0,0,0.00,0.00,0.00,1,NULL,0,NULL,1,NULL,'2026-05-12 00:45:25',10,NULL,0.00,0,70,15.00,1690,30,33,3.5,NULL,0,NULL,NULL,NULL,'2026-06-10 23:22:04','2026-06-11 00:45:33');
REPLACE INTO `aipreneur_business` (`id`, `student_id`, `shop_theme`, `shop_url_slug`, `shop_image_url`, `shop_scene_image_url`, `shop_image_status`, `shop_image_error`, `shop_vibe`, `shop_colors`, `shop_usp`, `selfie_used_url`, `signboard_used_url`, `questionnaire_answers`, `exterior_config`, `interior_config`, `age_group`, `module_product_progress`, `module_decorate_progress`, `module_operation_progress`, `module_marketing_progress`, `module_innovation_progress`, `module_csr_progress`, `total_sales`, `total_costs`, `total_profit`, `shop_launched`, `opening_checklist`, `ribbon_cutting_completed`, `ribbon_cutting_at`, `traffic_multiplier`, `traffic_boost_expires_at`, `launched_at`, `charity_percentage`, `selected_cause`, `total_donated`, `impact_points`, `staff_overall_mood`, `popularity_level`, `store_visitors`, `store_likes`, `store_reviews_count`, `store_rating`, `current_quest`, `streak_days`, `last_activity_date`, `last_csr_action_date`, `last_finance_game_date`, `created_at`, `updated_at`) VALUES ('019eb58f-411a-7075-810c-13cc5aa89513','019eb58f-4118-7054-9714-de80ead80075','gamer','honey-bun-bakery-w32','/assets/shops/shop4.png',NULL,'completed',NULL,NULL,NULL,NULL,NULL,NULL,NULL,'{\"wall\": \"wall_brick\", \"banner\": \"banner_classic\", \"lights\": \"lights_string\"}','{\"theme\": \"gamer\", \"wallColor\": \"iwall_peach\", \"floorColor\": \"ifloor_grass\"}',NULL,0,0,0,0,0,0,0.00,0.00,0.00,1,NULL,0,NULL,1,NULL,'2026-05-13 00:45:25',10,NULL,0.00,0,70,18.00,1743,47,34,3.6,NULL,0,NULL,NULL,NULL,'2026-06-10 23:22:04','2026-06-11 00:45:33');
REPLACE INTO `aipreneur_business` (`id`, `student_id`, `shop_theme`, `shop_url_slug`, `shop_image_url`, `shop_scene_image_url`, `shop_image_status`, `shop_image_error`, `shop_vibe`, `shop_colors`, `shop_usp`, `selfie_used_url`, `signboard_used_url`, `questionnaire_answers`, `exterior_config`, `interior_config`, `age_group`, `module_product_progress`, `module_decorate_progress`, `module_operation_progress`, `module_marketing_progress`, `module_innovation_progress`, `module_csr_progress`, `total_sales`, `total_costs`, `total_profit`, `shop_launched`, `opening_checklist`, `ribbon_cutting_completed`, `ribbon_cutting_at`, `traffic_multiplier`, `traffic_boost_expires_at`, `launched_at`, `charity_percentage`, `selected_cause`, `total_donated`, `impact_points`, `staff_overall_mood`, `popularity_level`, `store_visitors`, `store_likes`, `store_reviews_count`, `store_rating`, `current_quest`, `streak_days`, `last_activity_date`, `last_csr_action_date`, `last_finance_game_date`, `created_at`, `updated_at`) VALUES ('019eb58f-420b-73a8-aefb-51f09733e7b6','019eb58f-4209-7216-9f1f-2b42d0c66fa6','colorful','drift-kings-w33','/assets/shops/shop2.png',NULL,'completed',NULL,NULL,NULL,NULL,NULL,NULL,NULL,'{\"wall\": \"wall_brick\", \"banner\": \"banner_floral\", \"lights\": \"lights_string\"}','{\"theme\": \"colorful\", \"wallColor\": \"iwall_lavender\", \"floorColor\": \"ifloor_grass\"}',NULL,0,0,0,0,0,0,0.00,0.00,0.00,1,NULL,0,NULL,1,NULL,'2026-05-14 00:45:25',10,NULL,0.00,0,70,21.00,1796,64,35,3.7,NULL,0,NULL,NULL,NULL,'2026-06-10 23:22:05','2026-06-11 00:45:33');
REPLACE INTO `aipreneur_business` (`id`, `student_id`, `shop_theme`, `shop_url_slug`, `shop_image_url`, `shop_scene_image_url`, `shop_image_status`, `shop_image_error`, `shop_vibe`, `shop_colors`, `shop_usp`, `selfie_used_url`, `signboard_used_url`, `questionnaire_answers`, `exterior_config`, `interior_config`, `age_group`, `module_product_progress`, `module_decorate_progress`, `module_operation_progress`, `module_marketing_progress`, `module_innovation_progress`, `module_csr_progress`, `total_sales`, `total_costs`, `total_profit`, `shop_launched`, `opening_checklist`, `ribbon_cutting_completed`, `ribbon_cutting_at`, `traffic_multiplier`, `traffic_boost_expires_at`, `launched_at`, `charity_percentage`, `selected_cause`, `total_donated`, `impact_points`, `staff_overall_mood`, `popularity_level`, `store_visitors`, `store_likes`, `store_reviews_count`, `store_rating`, `current_quest`, `streak_days`, `last_activity_date`, `last_csr_action_date`, `last_finance_game_date`, `created_at`, `updated_at`) VALUES ('019eb58f-42fa-7306-9119-2965a65c8d31','019eb58f-42f9-715e-92fa-2ef6364a1365','cozy','smoothie-splash-w34','/building.png',NULL,'completed',NULL,NULL,NULL,NULL,NULL,NULL,NULL,'{\"wall\": \"wall_brick\", \"banner\": \"banner_sport\", \"lights\": \"lights_string\"}','{\"theme\": \"cozy\", \"wallColor\": \"iwall_coral\", \"floorColor\": \"ifloor_grass\"}',NULL,0,0,0,0,0,0,0.00,0.00,0.00,1,NULL,0,NULL,1,NULL,'2026-05-15 00:45:25',10,NULL,0.00,0,70,24.00,1849,81,36,3.8,NULL,0,NULL,NULL,NULL,'2026-06-10 23:22:05','2026-06-11 00:45:34');
REPLACE INTO `aipreneur_business` (`id`, `student_id`, `shop_theme`, `shop_url_slug`, `shop_image_url`, `shop_scene_image_url`, `shop_image_status`, `shop_image_error`, `shop_vibe`, `shop_colors`, `shop_usp`, `selfie_used_url`, `signboard_used_url`, `questionnaire_answers`, `exterior_config`, `interior_config`, `age_group`, `module_product_progress`, `module_decorate_progress`, `module_operation_progress`, `module_marketing_progress`, `module_innovation_progress`, `module_csr_progress`, `total_sales`, `total_costs`, `total_profit`, `shop_launched`, `opening_checklist`, `ribbon_cutting_completed`, `ribbon_cutting_at`, `traffic_multiplier`, `traffic_boost_expires_at`, `launched_at`, `charity_percentage`, `selected_cause`, `total_donated`, `impact_points`, `staff_overall_mood`, `popularity_level`, `store_visitors`, `store_likes`, `store_reviews_count`, `store_rating`, `current_quest`, `streak_days`, `last_activity_date`, `last_csr_action_date`, `last_finance_game_date`, `created_at`, `updated_at`) VALUES ('019eb58f-43ec-71fd-8898-87b5bccbec49','019eb58f-43eb-702f-b2bf-f38297e13fd0','fancy','brush-bloom-w35','/assets/shops/shop3.png',NULL,'completed',NULL,NULL,NULL,NULL,NULL,NULL,NULL,'{\"wall\": \"wall_brick\", \"banner\": \"banner_candy\", \"lights\": \"lights_string\"}','{\"theme\": \"fancy\", \"wallColor\": \"iwall_sand\", \"floorColor\": \"ifloor_grass\"}',NULL,0,0,0,0,0,0,0.00,0.00,0.00,1,NULL,0,NULL,1,NULL,'2026-05-16 00:45:25',10,NULL,0.00,0,70,27.00,1902,98,37,3.9,NULL,0,NULL,NULL,NULL,'2026-06-10 23:22:05','2026-06-11 00:45:34');
REPLACE INTO `aipreneur_business` (`id`, `student_id`, `shop_theme`, `shop_url_slug`, `shop_image_url`, `shop_scene_image_url`, `shop_image_status`, `shop_image_error`, `shop_vibe`, `shop_colors`, `shop_usp`, `selfie_used_url`, `signboard_used_url`, `questionnaire_answers`, `exterior_config`, `interior_config`, `age_group`, `module_product_progress`, `module_decorate_progress`, `module_operation_progress`, `module_marketing_progress`, `module_innovation_progress`, `module_csr_progress`, `total_sales`, `total_costs`, `total_profit`, `shop_launched`, `opening_checklist`, `ribbon_cutting_completed`, `ribbon_cutting_at`, `traffic_multiplier`, `traffic_boost_expires_at`, `launched_at`, `charity_percentage`, `selected_cause`, `total_donated`, `impact_points`, `staff_overall_mood`, `popularity_level`, `store_visitors`, `store_likes`, `store_reviews_count`, `store_rating`, `current_quest`, `streak_days`, `last_activity_date`, `last_csr_action_date`, `last_finance_game_date`, `created_at`, `updated_at`) VALUES ('019eb58f-44de-7044-8ceb-3df0c51d8fce','019eb58f-44dd-7363-b036-9f1b76b259d3','playful','sprout-soil-w36','/assets/shops/shop1.png',NULL,'completed',NULL,NULL,NULL,NULL,NULL,NULL,NULL,'{\"wall\": \"wall_stone\", \"banner\": \"banner_neon\", \"lights\": \"lights_string\"}','{\"theme\": \"playful\", \"wallColor\": \"iwall_sky\", \"floorColor\": \"ifloor_carpet\"}',NULL,0,0,0,0,0,0,0.00,0.00,0.00,1,NULL,0,NULL,1,NULL,'2026-05-17 00:45:25',10,NULL,0.00,0,70,30.00,1955,115,38,4.0,NULL,0,NULL,NULL,NULL,'2026-06-10 23:22:05','2026-06-11 00:45:34');
REPLACE INTO `aipreneur_business` (`id`, `student_id`, `shop_theme`, `shop_url_slug`, `shop_image_url`, `shop_scene_image_url`, `shop_image_status`, `shop_image_error`, `shop_vibe`, `shop_colors`, `shop_usp`, `selfie_used_url`, `signboard_used_url`, `questionnaire_answers`, `exterior_config`, `interior_config`, `age_group`, `module_product_progress`, `module_decorate_progress`, `module_operation_progress`, `module_marketing_progress`, `module_innovation_progress`, `module_csr_progress`, `total_sales`, `total_costs`, `total_profit`, `shop_launched`, `opening_checklist`, `ribbon_cutting_completed`, `ribbon_cutting_at`, `traffic_multiplier`, `traffic_boost_expires_at`, `launched_at`, `charity_percentage`, `selected_cause`, `total_donated`, `impact_points`, `staff_overall_mood`, `popularity_level`, `store_visitors`, `store_likes`, `store_reviews_count`, `store_rating`, `current_quest`, `streak_days`, `last_activity_date`, `last_csr_action_date`, `last_finance_game_date`, `created_at`, `updated_at`) VALUES ('019eb58f-45cf-717a-a522-fdd571841124','019eb58f-45ce-70d4-992d-cd2ca5bdf921','fun','choco-swirl-w37','/assets/shops/shop4.png',NULL,'completed',NULL,NULL,NULL,NULL,NULL,NULL,NULL,'{\"wall\": \"wall_stone\", \"banner\": \"banner_wood\", \"lights\": \"lights_string\"}','{\"theme\": \"fun\", \"wallColor\": \"iwall_cream\", \"floorColor\": \"ifloor_carpet\"}',NULL,0,0,0,0,0,0,0.00,0.00,0.00,1,NULL,0,NULL,1,NULL,'2026-05-18 00:45:25',10,NULL,0.00,0,70,33.00,2008,132,39,4.1,NULL,0,NULL,NULL,NULL,'2026-06-10 23:22:06','2026-06-11 00:45:34');
REPLACE INTO `aipreneur_business` (`id`, `student_id`, `shop_theme`, `shop_url_slug`, `shop_image_url`, `shop_scene_image_url`, `shop_image_status`, `shop_image_error`, `shop_vibe`, `shop_colors`, `shop_usp`, `selfie_used_url`, `signboard_used_url`, `questionnaire_answers`, `exterior_config`, `interior_config`, `age_group`, `module_product_progress`, `module_decorate_progress`, `module_operation_progress`, `module_marketing_progress`, `module_innovation_progress`, `module_csr_progress`, `total_sales`, `total_costs`, `total_profit`, `shop_launched`, `opening_checklist`, `ribbon_cutting_completed`, `ribbon_cutting_at`, `traffic_multiplier`, `traffic_boost_expires_at`, `launched_at`, `charity_percentage`, `selected_cause`, `total_donated`, `impact_points`, `staff_overall_mood`, `popularity_level`, `store_visitors`, `store_likes`, `store_reviews_count`, `store_rating`, `current_quest`, `streak_days`, `last_activity_date`, `last_csr_action_date`, `last_finance_game_date`, `created_at`, `updated_at`) VALUES ('019eb58f-46bf-720f-9b2c-9100475f4052','019eb58f-46be-7293-adbf-b092f6bf45e8','modern','feather-fur-w38','/assets/shops/shop2.png',NULL,'completed',NULL,NULL,NULL,NULL,NULL,NULL,NULL,'{\"wall\": \"wall_stone\", \"banner\": \"banner_tech\", \"lights\": \"lights_string\"}','{\"theme\": \"modern\", \"wallColor\": \"iwall_mint\", \"floorColor\": \"ifloor_carpet\"}',NULL,0,0,0,0,0,0,0.00,0.00,0.00,1,NULL,0,NULL,1,NULL,'2026-05-19 00:45:25',10,NULL,0.00,0,70,36.00,2061,149,40,4.2,NULL,0,NULL,NULL,NULL,'2026-06-10 23:22:06','2026-06-11 00:45:35');
REPLACE INTO `aipreneur_business` (`id`, `student_id`, `shop_theme`, `shop_url_slug`, `shop_image_url`, `shop_scene_image_url`, `shop_image_status`, `shop_image_error`, `shop_vibe`, `shop_colors`, `shop_usp`, `selfie_used_url`, `signboard_used_url`, `questionnaire_answers`, `exterior_config`, `interior_config`, `age_group`, `module_product_progress`, `module_decorate_progress`, `module_operation_progress`, `module_marketing_progress`, `module_innovation_progress`, `module_csr_progress`, `total_sales`, `total_costs`, `total_profit`, `shop_launched`, `opening_checklist`, `ribbon_cutting_completed`, `ribbon_cutting_at`, `traffic_multiplier`, `traffic_boost_expires_at`, `launched_at`, `charity_percentage`, `selected_cause`, `total_donated`, `impact_points`, `staff_overall_mood`, `popularity_level`, `store_visitors`, `store_likes`, `store_reviews_count`, `store_rating`, `current_quest`, `streak_days`, `last_activity_date`, `last_csr_action_date`, `last_finance_game_date`, `created_at`, `updated_at`) VALUES ('019eb58f-47b0-7171-b243-e5269025e405','019eb58f-47af-72bf-9ada-1f8f0bfd1bbf','luxury','boss-battle-arcade-w39','/building.png',NULL,'completed',NULL,NULL,NULL,NULL,NULL,NULL,NULL,'{\"wall\": \"wall_stone\", \"banner\": \"banner_classic\", \"lights\": \"lights_string\"}','{\"theme\": \"luxury\", \"wallColor\": \"iwall_peach\", \"floorColor\": \"ifloor_carpet\"}',NULL,0,0,0,0,0,0,0.00,0.00,0.00,1,NULL,0,NULL,1,NULL,'2026-05-20 00:45:25',10,NULL,0.00,0,70,39.00,114,166,41,4.3,NULL,0,NULL,NULL,NULL,'2026-06-10 23:22:06','2026-06-11 00:45:35');
REPLACE INTO `aipreneur_business` (`id`, `student_id`, `shop_theme`, `shop_url_slug`, `shop_image_url`, `shop_scene_image_url`, `shop_image_status`, `shop_image_error`, `shop_vibe`, `shop_colors`, `shop_usp`, `selfie_used_url`, `signboard_used_url`, `questionnaire_answers`, `exterior_config`, `interior_config`, `age_group`, `module_product_progress`, `module_decorate_progress`, `module_operation_progress`, `module_marketing_progress`, `module_innovation_progress`, `module_csr_progress`, `total_sales`, `total_costs`, `total_profit`, `shop_launched`, `opening_checklist`, `ribbon_cutting_completed`, `ribbon_cutting_at`, `traffic_multiplier`, `traffic_boost_expires_at`, `launched_at`, `charity_percentage`, `selected_cause`, `total_donated`, `impact_points`, `staff_overall_mood`, `popularity_level`, `store_visitors`, `store_likes`, `store_reviews_count`, `store_rating`, `current_quest`, `streak_days`, `last_activity_date`, `last_csr_action_date`, `last_finance_game_date`, `created_at`, `updated_at`) VALUES ('019eb58f-48a1-72be-92e0-47fab192413a','019eb58f-48a0-734b-94af-c4aa7f0e34b8','eco','golden-crust-w40','/assets/shops/shop3.png',NULL,'completed',NULL,NULL,NULL,NULL,NULL,NULL,NULL,'{\"wall\": \"wall_stone\", \"banner\": \"banner_floral\", \"lights\": \"lights_string\"}','{\"theme\": \"eco\", \"wallColor\": \"iwall_lavender\", \"floorColor\": \"ifloor_carpet\"}',NULL,0,0,0,0,0,0,0.00,0.00,0.00,1,NULL,0,NULL,1,NULL,'2026-05-21 00:45:25',10,NULL,0.00,0,70,42.00,167,183,42,4.4,NULL,0,NULL,NULL,NULL,'2026-06-10 23:22:06','2026-06-11 00:45:35');
REPLACE INTO `aipreneur_business` (`id`, `student_id`, `shop_theme`, `shop_url_slug`, `shop_image_url`, `shop_scene_image_url`, `shop_image_status`, `shop_image_error`, `shop_vibe`, `shop_colors`, `shop_usp`, `selfie_used_url`, `signboard_used_url`, `questionnaire_answers`, `exterior_config`, `interior_config`, `age_group`, `module_product_progress`, `module_decorate_progress`, `module_operation_progress`, `module_marketing_progress`, `module_innovation_progress`, `module_csr_progress`, `total_sales`, `total_costs`, `total_profit`, `shop_launched`, `opening_checklist`, `ribbon_cutting_completed`, `ribbon_cutting_at`, `traffic_multiplier`, `traffic_boost_expires_at`, `launched_at`, `charity_percentage`, `selected_cause`, `total_donated`, `impact_points`, `staff_overall_mood`, `popularity_level`, `store_visitors`, `store_likes`, `store_reviews_count`, `store_rating`, `current_quest`, `streak_days`, `last_activity_date`, `last_csr_action_date`, `last_finance_game_date`, `created_at`, `updated_at`) VALUES ('019eb58f-4994-71b9-9e52-fbaae6079dda','019eb58f-4993-7254-88a2-9e1ae71d8f19','gamer','nitro-garage-w41','/assets/shops/shop1.png',NULL,'completed',NULL,NULL,NULL,NULL,NULL,NULL,NULL,'{\"wall\": \"wall_stone\", \"banner\": \"banner_sport\", \"lights\": \"lights_string\"}','{\"theme\": \"gamer\", \"wallColor\": \"iwall_coral\", \"floorColor\": \"ifloor_carpet\"}',NULL,0,0,0,0,0,0,0.00,0.00,0.00,1,NULL,0,NULL,1,NULL,'2026-05-22 00:45:25',10,NULL,0.00,0,70,5.00,220,200,3,4.5,NULL,0,NULL,NULL,NULL,'2026-06-10 23:22:07','2026-06-11 00:45:35');
REPLACE INTO `aipreneur_business` (`id`, `student_id`, `shop_theme`, `shop_url_slug`, `shop_image_url`, `shop_scene_image_url`, `shop_image_status`, `shop_image_error`, `shop_vibe`, `shop_colors`, `shop_usp`, `selfie_used_url`, `signboard_used_url`, `questionnaire_answers`, `exterior_config`, `interior_config`, `age_group`, `module_product_progress`, `module_decorate_progress`, `module_operation_progress`, `module_marketing_progress`, `module_innovation_progress`, `module_csr_progress`, `total_sales`, `total_costs`, `total_profit`, `shop_launched`, `opening_checklist`, `ribbon_cutting_completed`, `ribbon_cutting_at`, `traffic_multiplier`, `traffic_boost_expires_at`, `launched_at`, `charity_percentage`, `selected_cause`, `total_donated`, `impact_points`, `staff_overall_mood`, `popularity_level`, `store_visitors`, `store_likes`, `store_reviews_count`, `store_rating`, `current_quest`, `streak_days`, `last_activity_date`, `last_csr_action_date`, `last_finance_game_date`, `created_at`, `updated_at`) VALUES ('019eb58f-4a86-7207-854a-b3fd02c3e03a','019eb58f-4a85-7310-af0e-30ad91874160','colorful','zest-juice-bar-w42','/assets/shops/shop4.png',NULL,'completed',NULL,NULL,NULL,NULL,NULL,NULL,NULL,'{\"wall\": \"wall_stone\", \"banner\": \"banner_candy\", \"lights\": \"lights_string\"}','{\"theme\": \"colorful\", \"wallColor\": \"iwall_sand\", \"floorColor\": \"ifloor_carpet\"}',NULL,0,0,0,0,0,0,0.00,0.00,0.00,1,NULL,0,NULL,1,NULL,'2026-05-23 00:45:25',10,NULL,0.00,0,70,8.00,273,217,4,4.6,NULL,0,NULL,NULL,NULL,'2026-06-10 23:22:07','2026-06-11 00:45:36');
REPLACE INTO `aipreneur_business` (`id`, `student_id`, `shop_theme`, `shop_url_slug`, `shop_image_url`, `shop_scene_image_url`, `shop_image_status`, `shop_image_error`, `shop_vibe`, `shop_colors`, `shop_usp`, `selfie_used_url`, `signboard_used_url`, `questionnaire_answers`, `exterior_config`, `interior_config`, `age_group`, `module_product_progress`, `module_decorate_progress`, `module_operation_progress`, `module_marketing_progress`, `module_innovation_progress`, `module_csr_progress`, `total_sales`, `total_costs`, `total_profit`, `shop_launched`, `opening_checklist`, `ribbon_cutting_completed`, `ribbon_cutting_at`, `traffic_multiplier`, `traffic_boost_expires_at`, `launched_at`, `charity_percentage`, `selected_cause`, `total_donated`, `impact_points`, `staff_overall_mood`, `popularity_level`, `store_visitors`, `store_likes`, `store_reviews_count`, `store_rating`, `current_quest`, `streak_days`, `last_activity_date`, `last_csr_action_date`, `last_finance_game_date`, `created_at`, `updated_at`) VALUES ('019eb58f-4b79-73a6-8330-96152f5b29c3','019eb58f-4b78-7289-8274-35fa1942eea2','cozy','canvas-dreams-w43','/assets/shops/shop2.png',NULL,'completed',NULL,NULL,NULL,NULL,NULL,NULL,NULL,'{\"wall\": \"wall_pastel\", \"banner\": \"banner_neon\", \"lights\": \"lights_string\"}','{\"theme\": \"cozy\", \"wallColor\": \"iwall_sky\", \"floorColor\": \"ifloor_stone\"}',NULL,0,0,0,0,0,0,0.00,0.00,0.00,1,NULL,0,NULL,1,NULL,'2026-05-24 00:45:25',10,NULL,0.00,0,70,11.00,326,234,5,4.7,NULL,0,NULL,NULL,NULL,'2026-06-10 23:22:07','2026-06-11 00:45:36');
REPLACE INTO `aipreneur_business` (`id`, `student_id`, `shop_theme`, `shop_url_slug`, `shop_image_url`, `shop_scene_image_url`, `shop_image_status`, `shop_image_error`, `shop_vibe`, `shop_colors`, `shop_usp`, `selfie_used_url`, `signboard_used_url`, `questionnaire_answers`, `exterior_config`, `interior_config`, `age_group`, `module_product_progress`, `module_decorate_progress`, `module_operation_progress`, `module_marketing_progress`, `module_innovation_progress`, `module_csr_progress`, `total_sales`, `total_costs`, `total_profit`, `shop_launched`, `opening_checklist`, `ribbon_cutting_completed`, `ribbon_cutting_at`, `traffic_multiplier`, `traffic_boost_expires_at`, `launched_at`, `charity_percentage`, `selected_cause`, `total_donated`, `impact_points`, `staff_overall_mood`, `popularity_level`, `store_visitors`, `store_likes`, `store_reviews_count`, `store_rating`, `current_quest`, `streak_days`, `last_activity_date`, `last_csr_action_date`, `last_finance_game_date`, `created_at`, `updated_at`) VALUES ('019eb58f-4c69-7251-bef3-c1ac0d76e479','019eb58f-4c69-7251-bef3-c1ac0d21212e','fancy','wild-garden-co-w44','/building.png',NULL,'completed',NULL,NULL,NULL,NULL,NULL,NULL,NULL,'{\"wall\": \"wall_pastel\", \"banner\": \"banner_wood\", \"lights\": \"lights_string\"}','{\"theme\": \"fancy\", \"wallColor\": \"iwall_cream\", \"floorColor\": \"ifloor_stone\"}',NULL,0,0,0,0,0,0,0.00,0.00,0.00,1,NULL,0,NULL,1,NULL,'2026-05-25 00:45:25',10,NULL,0.00,0,70,14.00,379,251,6,4.8,NULL,0,NULL,NULL,NULL,'2026-06-10 23:22:07','2026-06-11 00:45:36');
REPLACE INTO `aipreneur_business` (`id`, `student_id`, `shop_theme`, `shop_url_slug`, `shop_image_url`, `shop_scene_image_url`, `shop_image_status`, `shop_image_error`, `shop_vibe`, `shop_colors`, `shop_usp`, `selfie_used_url`, `signboard_used_url`, `questionnaire_answers`, `exterior_config`, `interior_config`, `age_group`, `module_product_progress`, `module_decorate_progress`, `module_operation_progress`, `module_marketing_progress`, `module_innovation_progress`, `module_csr_progress`, `total_sales`, `total_costs`, `total_profit`, `shop_launched`, `opening_checklist`, `ribbon_cutting_completed`, `ribbon_cutting_at`, `traffic_multiplier`, `traffic_boost_expires_at`, `launched_at`, `charity_percentage`, `selected_cause`, `total_donated`, `impact_points`, `staff_overall_mood`, `popularity_level`, `store_visitors`, `store_likes`, `store_reviews_count`, `store_rating`, `current_quest`, `streak_days`, `last_activity_date`, `last_csr_action_date`, `last_finance_game_date`, `created_at`, `updated_at`) VALUES ('019eb58f-4d5d-71c8-8b13-f13425babd8e','019eb58f-4d5b-7278-b6c4-56b8f49b1320','playful','vanilla-sky-treats-w45','/assets/shops/shop3.png',NULL,'completed',NULL,NULL,NULL,NULL,NULL,NULL,NULL,'{\"wall\": \"wall_pastel\", \"banner\": \"banner_tech\", \"lights\": \"lights_string\"}','{\"theme\": \"playful\", \"wallColor\": \"iwall_mint\", \"floorColor\": \"ifloor_stone\"}',NULL,0,0,0,0,0,0,0.00,0.00,0.00,1,NULL,0,NULL,1,NULL,'2026-05-26 00:45:25',10,NULL,0.00,0,70,17.00,432,268,7,4.9,NULL,0,NULL,NULL,NULL,'2026-06-10 23:22:08','2026-06-11 00:45:36');
REPLACE INTO `aipreneur_business` (`id`, `student_id`, `shop_theme`, `shop_url_slug`, `shop_image_url`, `shop_scene_image_url`, `shop_image_status`, `shop_image_error`, `shop_vibe`, `shop_colors`, `shop_usp`, `selfie_used_url`, `signboard_used_url`, `questionnaire_answers`, `exterior_config`, `interior_config`, `age_group`, `module_product_progress`, `module_decorate_progress`, `module_operation_progress`, `module_marketing_progress`, `module_innovation_progress`, `module_csr_progress`, `total_sales`, `total_costs`, `total_profit`, `shop_launched`, `opening_checklist`, `ribbon_cutting_completed`, `ribbon_cutting_at`, `traffic_multiplier`, `traffic_boost_expires_at`, `launched_at`, `charity_percentage`, `selected_cause`, `total_donated`, `impact_points`, `staff_overall_mood`, `popularity_level`, `store_visitors`, `store_likes`, `store_reviews_count`, `store_rating`, `current_quest`, `streak_days`, `last_activity_date`, `last_csr_action_date`, `last_finance_game_date`, `created_at`, `updated_at`) VALUES ('019eb58f-4e4e-708a-a993-7d5912723029','019eb58f-4e4d-7043-aff3-a266807c5caa','fun','happy-tails-hub-w46','/assets/shops/shop1.png',NULL,'completed',NULL,NULL,NULL,NULL,NULL,NULL,NULL,'{\"wall\": \"wall_pastel\", \"banner\": \"banner_classic\", \"lights\": \"lights_string\"}','{\"theme\": \"fun\", \"wallColor\": \"iwall_peach\", \"floorColor\": \"ifloor_stone\"}',NULL,0,0,0,0,0,0,0.00,0.00,0.00,1,NULL,0,NULL,1,NULL,'2026-05-27 00:45:25',10,NULL,0.00,0,70,20.00,485,285,8,3.5,NULL,0,NULL,NULL,NULL,'2026-06-10 23:22:08','2026-06-11 00:45:36');
REPLACE INTO `aipreneur_business` (`id`, `student_id`, `shop_theme`, `shop_url_slug`, `shop_image_url`, `shop_scene_image_url`, `shop_image_status`, `shop_image_error`, `shop_vibe`, `shop_colors`, `shop_usp`, `selfie_used_url`, `signboard_used_url`, `questionnaire_answers`, `exterior_config`, `interior_config`, `age_group`, `module_product_progress`, `module_decorate_progress`, `module_operation_progress`, `module_marketing_progress`, `module_innovation_progress`, `module_csr_progress`, `total_sales`, `total_costs`, `total_profit`, `shop_launched`, `opening_checklist`, `ribbon_cutting_completed`, `ribbon_cutting_at`, `traffic_multiplier`, `traffic_boost_expires_at`, `launched_at`, `charity_percentage`, `selected_cause`, `total_donated`, `impact_points`, `staff_overall_mood`, `popularity_level`, `store_visitors`, `store_likes`, `store_reviews_count`, `store_rating`, `current_quest`, `streak_days`, `last_activity_date`, `last_csr_action_date`, `last_finance_game_date`, `created_at`, `updated_at`) VALUES ('019eb58f-4f40-72bb-aae1-bbbd981953e4','019eb58f-4f3f-703a-951d-bec06e50f158','modern','pixel-punch-w47','/assets/shops/shop4.png',NULL,'completed',NULL,NULL,NULL,NULL,NULL,NULL,NULL,'{\"wall\": \"wall_pastel\", \"banner\": \"banner_floral\", \"lights\": \"lights_string\"}','{\"theme\": \"modern\", \"wallColor\": \"iwall_lavender\", \"floorColor\": \"ifloor_stone\"}',NULL,0,0,0,0,0,0,0.00,0.00,0.00,1,NULL,0,NULL,1,NULL,'2026-05-28 00:45:25',10,NULL,0.00,0,70,23.00,538,302,9,3.6,NULL,0,NULL,NULL,NULL,'2026-06-10 23:22:08','2026-06-11 00:45:37');
REPLACE INTO `aipreneur_business` (`id`, `student_id`, `shop_theme`, `shop_url_slug`, `shop_image_url`, `shop_scene_image_url`, `shop_image_status`, `shop_image_error`, `shop_vibe`, `shop_colors`, `shop_usp`, `selfie_used_url`, `signboard_used_url`, `questionnaire_answers`, `exterior_config`, `interior_config`, `age_group`, `module_product_progress`, `module_decorate_progress`, `module_operation_progress`, `module_marketing_progress`, `module_innovation_progress`, `module_csr_progress`, `total_sales`, `total_costs`, `total_profit`, `shop_launched`, `opening_checklist`, `ribbon_cutting_completed`, `ribbon_cutting_at`, `traffic_multiplier`, `traffic_boost_expires_at`, `launched_at`, `charity_percentage`, `selected_cause`, `total_donated`, `impact_points`, `staff_overall_mood`, `popularity_level`, `store_visitors`, `store_likes`, `store_reviews_count`, `store_rating`, `current_quest`, `streak_days`, `last_activity_date`, `last_csr_action_date`, `last_finance_game_date`, `created_at`, `updated_at`) VALUES ('019eb58f-5031-7069-929f-915db1471000','019eb58f-5030-71e7-86a8-e225eed7186b','luxury','maple-morning-bakery-w48','/assets/shops/shop2.png',NULL,'completed',NULL,NULL,NULL,NULL,NULL,NULL,NULL,'{\"wall\": \"wall_pastel\", \"banner\": \"banner_sport\", \"lights\": \"lights_string\"}','{\"theme\": \"luxury\", \"wallColor\": \"iwall_coral\", \"floorColor\": \"ifloor_stone\"}',NULL,0,0,0,0,0,0,0.00,0.00,0.00,1,NULL,0,NULL,1,NULL,'2026-05-29 00:45:25',10,NULL,0.00,0,70,26.00,591,319,10,3.7,NULL,0,NULL,NULL,NULL,'2026-06-10 23:22:08','2026-06-11 00:45:37');
REPLACE INTO `aipreneur_business` (`id`, `student_id`, `shop_theme`, `shop_url_slug`, `shop_image_url`, `shop_scene_image_url`, `shop_image_status`, `shop_image_error`, `shop_vibe`, `shop_colors`, `shop_usp`, `selfie_used_url`, `signboard_used_url`, `questionnaire_answers`, `exterior_config`, `interior_config`, `age_group`, `module_product_progress`, `module_decorate_progress`, `module_operation_progress`, `module_marketing_progress`, `module_innovation_progress`, `module_csr_progress`, `total_sales`, `total_costs`, `total_profit`, `shop_launched`, `opening_checklist`, `ribbon_cutting_completed`, `ribbon_cutting_at`, `traffic_multiplier`, `traffic_boost_expires_at`, `launched_at`, `charity_percentage`, `selected_cause`, `total_donated`, `impact_points`, `staff_overall_mood`, `popularity_level`, `store_visitors`, `store_likes`, `store_reviews_count`, `store_rating`, `current_quest`, `streak_days`, `last_activity_date`, `last_csr_action_date`, `last_finance_game_date`, `created_at`, `updated_at`) VALUES ('019eb58f-5122-7176-a8ef-fc7cc220b9e5','019eb58f-5121-725c-a967-e1115a830cd3','eco','velocity-motors-w49','/building.png',NULL,'completed',NULL,NULL,NULL,NULL,NULL,NULL,NULL,'{\"wall\": \"wall_pastel\", \"banner\": \"banner_candy\", \"lights\": \"lights_string\"}','{\"theme\": \"eco\", \"wallColor\": \"iwall_sand\", \"floorColor\": \"ifloor_stone\"}',NULL,0,0,0,0,0,0,0.00,0.00,0.00,1,NULL,0,NULL,1,NULL,'2026-05-30 00:45:25',10,NULL,0.00,0,70,29.00,644,336,11,3.8,NULL,0,NULL,NULL,NULL,'2026-06-10 23:22:09','2026-06-11 00:45:37');
REPLACE INTO `aipreneur_business` (`id`, `student_id`, `shop_theme`, `shop_url_slug`, `shop_image_url`, `shop_scene_image_url`, `shop_image_status`, `shop_image_error`, `shop_vibe`, `shop_colors`, `shop_usp`, `selfie_used_url`, `signboard_used_url`, `questionnaire_answers`, `exterior_config`, `interior_config`, `age_group`, `module_product_progress`, `module_decorate_progress`, `module_operation_progress`, `module_marketing_progress`, `module_innovation_progress`, `module_csr_progress`, `total_sales`, `total_costs`, `total_profit`, `shop_launched`, `opening_checklist`, `ribbon_cutting_completed`, `ribbon_cutting_at`, `traffic_multiplier`, `traffic_boost_expires_at`, `launched_at`, `charity_percentage`, `selected_cause`, `total_donated`, `impact_points`, `staff_overall_mood`, `popularity_level`, `store_visitors`, `store_likes`, `store_reviews_count`, `store_rating`, `current_quest`, `streak_days`, `last_activity_date`, `last_csr_action_date`, `last_finance_game_date`, `created_at`, `updated_at`) VALUES ('019eb58f-523d-7332-a09e-cb0bbf3ab19f','019eb58f-523b-7163-901a-0ffa4815dd59','gamer','citrus-burst-w50','/assets/shops/shop3.png',NULL,'completed',NULL,NULL,NULL,NULL,NULL,NULL,NULL,'{\"wall\": \"wall_glass\", \"banner\": \"banner_neon\", \"lights\": \"lights_spot\"}','{\"theme\": \"gamer\", \"wallColor\": \"iwall_sky\", \"floorColor\": \"ifloor_tile\"}',NULL,0,0,0,0,0,0,0.00,0.00,0.00,1,NULL,0,NULL,1,NULL,'2026-05-31 00:45:25',10,NULL,0.00,0,70,32.00,697,353,12,3.9,NULL,0,NULL,NULL,NULL,'2026-06-10 23:22:09','2026-06-11 00:45:37');
REPLACE INTO `aipreneur_business` (`id`, `student_id`, `shop_theme`, `shop_url_slug`, `shop_image_url`, `shop_scene_image_url`, `shop_image_status`, `shop_image_error`, `shop_vibe`, `shop_colors`, `shop_usp`, `selfie_used_url`, `signboard_used_url`, `questionnaire_answers`, `exterior_config`, `interior_config`, `age_group`, `module_product_progress`, `module_decorate_progress`, `module_operation_progress`, `module_marketing_progress`, `module_innovation_progress`, `module_csr_progress`, `total_sales`, `total_costs`, `total_profit`, `shop_launched`, `opening_checklist`, `ribbon_cutting_completed`, `ribbon_cutting_at`, `traffic_multiplier`, `traffic_boost_expires_at`, `launched_at`, `charity_percentage`, `selected_cause`, `total_donated`, `impact_points`, `staff_overall_mood`, `popularity_level`, `store_visitors`, `store_likes`, `store_reviews_count`, `store_rating`, `current_quest`, `streak_days`, `last_activity_date`, `last_csr_action_date`, `last_finance_game_date`, `created_at`, `updated_at`) VALUES ('019eb58f-532d-70fb-9fc7-3c1e4c6e036f','019eb58f-532c-72a4-953a-aa6375f9f3c1','colorful','palette-place-w51','/assets/shops/shop1.png',NULL,'completed',NULL,NULL,NULL,NULL,NULL,NULL,NULL,'{\"wall\": \"wall_glass\", \"banner\": \"banner_wood\", \"lights\": \"lights_spot\"}','{\"theme\": \"colorful\", \"wallColor\": \"iwall_cream\", \"floorColor\": \"ifloor_tile\"}',NULL,0,0,0,0,0,0,0.00,0.00,0.00,1,NULL,0,NULL,1,NULL,'2026-06-01 00:45:25',10,NULL,0.00,0,70,35.00,750,370,13,4.0,NULL,0,NULL,NULL,NULL,'2026-06-10 23:22:09','2026-06-11 00:45:38');
REPLACE INTO `aipreneur_business` (`id`, `student_id`, `shop_theme`, `shop_url_slug`, `shop_image_url`, `shop_scene_image_url`, `shop_image_status`, `shop_image_error`, `shop_vibe`, `shop_colors`, `shop_usp`, `selfie_used_url`, `signboard_used_url`, `questionnaire_answers`, `exterior_config`, `interior_config`, `age_group`, `module_product_progress`, `module_decorate_progress`, `module_operation_progress`, `module_marketing_progress`, `module_innovation_progress`, `module_csr_progress`, `total_sales`, `total_costs`, `total_profit`, `shop_launched`, `opening_checklist`, `ribbon_cutting_completed`, `ribbon_cutting_at`, `traffic_multiplier`, `traffic_boost_expires_at`, `launched_at`, `charity_percentage`, `selected_cause`, `total_donated`, `impact_points`, `staff_overall_mood`, `popularity_level`, `store_visitors`, `store_likes`, `store_reviews_count`, `store_rating`, `current_quest`, `streak_days`, `last_activity_date`, `last_csr_action_date`, `last_finance_game_date`, `created_at`, `updated_at`) VALUES ('019eb58f-5440-73ff-bfe4-cd8801a521f6','019eb58f-543f-711f-bcb5-4cc91233248e','cozy','bloom-room-w52','/assets/shops/shop4.png',NULL,'completed',NULL,NULL,NULL,NULL,NULL,NULL,NULL,'{\"wall\": \"wall_glass\", \"banner\": \"banner_tech\", \"lights\": \"lights_spot\"}','{\"theme\": \"cozy\", \"wallColor\": \"iwall_mint\", \"floorColor\": \"ifloor_tile\"}',NULL,0,0,0,0,0,0,0.00,0.00,0.00,1,NULL,0,NULL,1,NULL,'2026-06-02 00:45:25',10,NULL,0.00,0,70,38.00,803,387,14,4.1,NULL,0,NULL,NULL,NULL,'2026-06-10 23:22:09','2026-06-11 00:45:38');
REPLACE INTO `aipreneur_business` (`id`, `student_id`, `shop_theme`, `shop_url_slug`, `shop_image_url`, `shop_scene_image_url`, `shop_image_status`, `shop_image_error`, `shop_vibe`, `shop_colors`, `shop_usp`, `selfie_used_url`, `signboard_used_url`, `questionnaire_answers`, `exterior_config`, `interior_config`, `age_group`, `module_product_progress`, `module_decorate_progress`, `module_operation_progress`, `module_marketing_progress`, `module_innovation_progress`, `module_csr_progress`, `total_sales`, `total_costs`, `total_profit`, `shop_launched`, `opening_checklist`, `ribbon_cutting_completed`, `ribbon_cutting_at`, `traffic_multiplier`, `traffic_boost_expires_at`, `launched_at`, `charity_percentage`, `selected_cause`, `total_donated`, `impact_points`, `staff_overall_mood`, `popularity_level`, `store_visitors`, `store_likes`, `store_reviews_count`, `store_rating`, `current_quest`, `streak_days`, `last_activity_date`, `last_csr_action_date`, `last_finance_game_date`, `created_at`, `updated_at`) VALUES ('019eb58f-5533-73f1-9e42-23bc823fe9ff','019eb58f-5532-70d8-a06a-c049306e2333','fancy','frosty-cloud-w53','/assets/shops/shop2.png',NULL,'completed',NULL,NULL,NULL,NULL,NULL,NULL,NULL,'{\"wall\": \"wall_glass\", \"banner\": \"banner_classic\", \"lights\": \"lights_spot\"}','{\"theme\": \"fancy\", \"wallColor\": \"iwall_peach\", \"floorColor\": \"ifloor_tile\"}',NULL,0,0,0,0,0,0,0.00,0.00,0.00,1,NULL,0,NULL,1,NULL,'2026-06-03 00:45:25',10,NULL,0.00,0,70,41.00,856,404,15,4.2,NULL,0,NULL,NULL,NULL,'2026-06-10 23:22:10','2026-06-11 00:45:38');
REPLACE INTO `aipreneur_business` (`id`, `student_id`, `shop_theme`, `shop_url_slug`, `shop_image_url`, `shop_scene_image_url`, `shop_image_status`, `shop_image_error`, `shop_vibe`, `shop_colors`, `shop_usp`, `selfie_used_url`, `signboard_used_url`, `questionnaire_answers`, `exterior_config`, `interior_config`, `age_group`, `module_product_progress`, `module_decorate_progress`, `module_operation_progress`, `module_marketing_progress`, `module_innovation_progress`, `module_csr_progress`, `total_sales`, `total_costs`, `total_profit`, `shop_launched`, `opening_checklist`, `ribbon_cutting_completed`, `ribbon_cutting_at`, `traffic_multiplier`, `traffic_boost_expires_at`, `launched_at`, `charity_percentage`, `selected_cause`, `total_donated`, `impact_points`, `staff_overall_mood`, `popularity_level`, `store_visitors`, `store_likes`, `store_reviews_count`, `store_rating`, `current_quest`, `streak_days`, `last_activity_date`, `last_csr_action_date`, `last_finance_game_date`, `created_at`, `updated_at`) VALUES ('019eb58f-5626-71fe-a2c5-8789bc29129f','019eb58f-5625-7290-bfdd-c5507e0cd6f3','playful','paws-play-w54','/building.png',NULL,'completed',NULL,NULL,NULL,NULL,NULL,NULL,NULL,'{\"wall\": \"wall_glass\", \"banner\": \"banner_floral\", \"lights\": \"lights_spot\"}','{\"theme\": \"playful\", \"wallColor\": \"iwall_lavender\", \"floorColor\": \"ifloor_tile\"}',NULL,0,0,0,0,0,0,0.00,0.00,0.00,1,NULL,0,NULL,1,NULL,'2026-06-04 00:45:25',10,NULL,0.00,0,70,44.00,909,421,16,4.3,NULL,0,NULL,NULL,NULL,'2026-06-10 23:22:10','2026-06-11 00:45:38');
REPLACE INTO `aipreneur_business` (`id`, `student_id`, `shop_theme`, `shop_url_slug`, `shop_image_url`, `shop_scene_image_url`, `shop_image_status`, `shop_image_error`, `shop_vibe`, `shop_colors`, `shop_usp`, `selfie_used_url`, `signboard_used_url`, `questionnaire_answers`, `exterior_config`, `interior_config`, `age_group`, `module_product_progress`, `module_decorate_progress`, `module_operation_progress`, `module_marketing_progress`, `module_innovation_progress`, `module_csr_progress`, `total_sales`, `total_costs`, `total_profit`, `shop_launched`, `opening_checklist`, `ribbon_cutting_completed`, `ribbon_cutting_at`, `traffic_multiplier`, `traffic_boost_expires_at`, `launched_at`, `charity_percentage`, `selected_cause`, `total_donated`, `impact_points`, `staff_overall_mood`, `popularity_level`, `store_visitors`, `store_likes`, `store_reviews_count`, `store_rating`, `current_quest`, `streak_days`, `last_activity_date`, `last_csr_action_date`, `last_finance_game_date`, `created_at`, `updated_at`) VALUES ('019eb58f-5718-72bc-bcdc-416c7e06c029','019eb58f-5717-712b-9b33-e7f6a1a47b41','fun','arcade-asylum-w55','/assets/shops/shop3.png',NULL,'completed',NULL,NULL,NULL,NULL,NULL,NULL,NULL,'{\"wall\": \"wall_glass\", \"banner\": \"banner_sport\", \"lights\": \"lights_spot\"}','{\"theme\": \"fun\", \"wallColor\": \"iwall_coral\", \"floorColor\": \"ifloor_tile\"}',NULL,0,0,0,0,0,0,0.00,0.00,0.00,1,NULL,0,NULL,1,NULL,'2026-06-05 00:45:25',10,NULL,0.00,0,70,7.00,962,438,17,4.4,NULL,0,NULL,NULL,NULL,'2026-06-10 23:22:10','2026-06-11 00:45:39');
REPLACE INTO `aipreneur_business` (`id`, `student_id`, `shop_theme`, `shop_url_slug`, `shop_image_url`, `shop_scene_image_url`, `shop_image_status`, `shop_image_error`, `shop_vibe`, `shop_colors`, `shop_usp`, `selfie_used_url`, `signboard_used_url`, `questionnaire_answers`, `exterior_config`, `interior_config`, `age_group`, `module_product_progress`, `module_decorate_progress`, `module_operation_progress`, `module_marketing_progress`, `module_innovation_progress`, `module_csr_progress`, `total_sales`, `total_costs`, `total_profit`, `shop_launched`, `opening_checklist`, `ribbon_cutting_completed`, `ribbon_cutting_at`, `traffic_multiplier`, `traffic_boost_expires_at`, `launched_at`, `charity_percentage`, `selected_cause`, `total_donated`, `impact_points`, `staff_overall_mood`, `popularity_level`, `store_visitors`, `store_likes`, `store_reviews_count`, `store_rating`, `current_quest`, `streak_days`, `last_activity_date`, `last_csr_action_date`, `last_finance_game_date`, `created_at`, `updated_at`) VALUES ('019eb58f-580a-72e1-a662-306219741827','019eb58f-5809-736b-94be-ed3eedc01024','modern','buttercup-bakehouse-w56','/assets/shops/shop1.png',NULL,'completed',NULL,NULL,NULL,NULL,NULL,NULL,NULL,'{\"wall\": \"wall_glass\", \"banner\": \"banner_candy\", \"lights\": \"lights_spot\"}','{\"theme\": \"modern\", \"wallColor\": \"iwall_sand\", \"floorColor\": \"ifloor_tile\"}',NULL,0,0,0,0,0,0,0.00,0.00,0.00,1,NULL,0,NULL,1,NULL,'2026-06-06 00:45:25',10,NULL,0.00,0,70,10.00,1015,455,18,4.5,NULL,0,NULL,NULL,NULL,'2026-06-10 23:22:10','2026-06-11 00:45:39');
REPLACE INTO `aipreneur_business` (`id`, `student_id`, `shop_theme`, `shop_url_slug`, `shop_image_url`, `shop_scene_image_url`, `shop_image_status`, `shop_image_error`, `shop_vibe`, `shop_colors`, `shop_usp`, `selfie_used_url`, `signboard_used_url`, `questionnaire_answers`, `exterior_config`, `interior_config`, `age_group`, `module_product_progress`, `module_decorate_progress`, `module_operation_progress`, `module_marketing_progress`, `module_innovation_progress`, `module_csr_progress`, `total_sales`, `total_costs`, `total_profit`, `shop_launched`, `opening_checklist`, `ribbon_cutting_completed`, `ribbon_cutting_at`, `traffic_multiplier`, `traffic_boost_expires_at`, `launched_at`, `charity_percentage`, `selected_cause`, `total_donated`, `impact_points`, `staff_overall_mood`, `popularity_level`, `store_visitors`, `store_likes`, `store_reviews_count`, `store_rating`, `current_quest`, `streak_days`, `last_activity_date`, `last_csr_action_date`, `last_finance_game_date`, `created_at`, `updated_at`) VALUES ('019eb58f-58fa-7074-baf9-8d1394f62b46','019eb58f-58f9-718f-aa58-76b8b3cbe8e3','luxury','rocket-racers-w57','/assets/shops/shop4.png',NULL,'completed',NULL,NULL,NULL,NULL,NULL,NULL,NULL,'{\"wall\": \"wall_wood\", \"banner\": \"banner_neon\", \"lights\": \"lights_spot\"}','{\"theme\": \"luxury\", \"wallColor\": \"iwall_sky\", \"floorColor\": \"ifloor_wood\"}',NULL,0,0,0,0,0,0,0.00,0.00,0.00,1,NULL,0,NULL,1,NULL,'2026-06-07 00:45:25',10,NULL,0.00,0,70,13.00,1068,472,19,4.6,NULL,0,NULL,NULL,NULL,'2026-06-10 23:22:11','2026-06-11 00:45:39');
REPLACE INTO `aipreneur_business` (`id`, `student_id`, `shop_theme`, `shop_url_slug`, `shop_image_url`, `shop_scene_image_url`, `shop_image_status`, `shop_image_error`, `shop_vibe`, `shop_colors`, `shop_usp`, `selfie_used_url`, `signboard_used_url`, `questionnaire_answers`, `exterior_config`, `interior_config`, `age_group`, `module_product_progress`, `module_decorate_progress`, `module_operation_progress`, `module_marketing_progress`, `module_innovation_progress`, `module_csr_progress`, `total_sales`, `total_costs`, `total_profit`, `shop_launched`, `opening_checklist`, `ribbon_cutting_completed`, `ribbon_cutting_at`, `traffic_multiplier`, `traffic_boost_expires_at`, `launched_at`, `charity_percentage`, `selected_cause`, `total_donated`, `impact_points`, `staff_overall_mood`, `popularity_level`, `store_visitors`, `store_likes`, `store_reviews_count`, `store_rating`, `current_quest`, `streak_days`, `last_activity_date`, `last_csr_action_date`, `last_finance_game_date`, `created_at`, `updated_at`) VALUES ('019eb58f-59ec-70f9-a3c7-1e45aee5429d','019eb58f-59eb-73f3-9bb2-99a1b863749c','eco','tropic-sip-w58','/assets/shops/shop2.png',NULL,'completed',NULL,NULL,NULL,NULL,NULL,NULL,NULL,'{\"wall\": \"wall_wood\", \"banner\": \"banner_wood\", \"lights\": \"lights_spot\"}','{\"theme\": \"eco\", \"wallColor\": \"iwall_cream\", \"floorColor\": \"ifloor_wood\"}',NULL,0,0,0,0,0,0,0.00,0.00,0.00,1,NULL,0,NULL,1,NULL,'2026-06-08 00:45:25',10,NULL,0.00,0,70,16.00,1121,489,20,4.7,NULL,0,NULL,NULL,NULL,'2026-06-10 23:22:11','2026-06-11 00:45:39');
REPLACE INTO `aipreneur_business` (`id`, `student_id`, `shop_theme`, `shop_url_slug`, `shop_image_url`, `shop_scene_image_url`, `shop_image_status`, `shop_image_error`, `shop_vibe`, `shop_colors`, `shop_usp`, `selfie_used_url`, `signboard_used_url`, `questionnaire_answers`, `exterior_config`, `interior_config`, `age_group`, `module_product_progress`, `module_decorate_progress`, `module_operation_progress`, `module_marketing_progress`, `module_innovation_progress`, `module_csr_progress`, `total_sales`, `total_costs`, `total_profit`, `shop_launched`, `opening_checklist`, `ribbon_cutting_completed`, `ribbon_cutting_at`, `traffic_multiplier`, `traffic_boost_expires_at`, `launched_at`, `charity_percentage`, `selected_cause`, `total_donated`, `impact_points`, `staff_overall_mood`, `popularity_level`, `store_visitors`, `store_likes`, `store_reviews_count`, `store_rating`, `current_quest`, `streak_days`, `last_activity_date`, `last_csr_action_date`, `last_finance_game_date`, `created_at`, `updated_at`) VALUES ('019eb58f-5adc-7217-b2b7-b83a7d942c1b','019eb58f-5adb-71ba-8c86-c67cef0154db','gamer','color-lab-w59','/building.png',NULL,'completed',NULL,NULL,NULL,NULL,NULL,NULL,NULL,'{\"wall\": \"wall_wood\", \"banner\": \"banner_tech\", \"lights\": \"lights_spot\"}','{\"theme\": \"gamer\", \"wallColor\": \"iwall_mint\", \"floorColor\": \"ifloor_wood\"}',NULL,0,0,0,0,0,0,0.00,0.00,0.00,1,NULL,0,NULL,1,NULL,'2026-06-09 00:45:25',10,NULL,0.00,0,70,19.00,1174,506,21,4.8,NULL,0,NULL,NULL,NULL,'2026-06-10 23:22:11','2026-06-11 00:45:40');
REPLACE INTO `aipreneur_business` (`id`, `student_id`, `shop_theme`, `shop_url_slug`, `shop_image_url`, `shop_scene_image_url`, `shop_image_status`, `shop_image_error`, `shop_vibe`, `shop_colors`, `shop_usp`, `selfie_used_url`, `signboard_used_url`, `questionnaire_answers`, `exterior_config`, `interior_config`, `age_group`, `module_product_progress`, `module_decorate_progress`, `module_operation_progress`, `module_marketing_progress`, `module_innovation_progress`, `module_csr_progress`, `total_sales`, `total_costs`, `total_profit`, `shop_launched`, `opening_checklist`, `ribbon_cutting_completed`, `ribbon_cutting_at`, `traffic_multiplier`, `traffic_boost_expires_at`, `launched_at`, `charity_percentage`, `selected_cause`, `total_donated`, `impact_points`, `staff_overall_mood`, `popularity_level`, `store_visitors`, `store_likes`, `store_reviews_count`, `store_rating`, `current_quest`, `streak_days`, `last_activity_date`, `last_csr_action_date`, `last_finance_game_date`, `created_at`, `updated_at`) VALUES ('019eb58f-5bce-739e-970c-2c832b8bcc8f','019eb58f-5bcc-72f4-9da4-6da35e0ac204','colorful','evergreen-nook-w60','/assets/shops/shop3.png',NULL,'completed',NULL,NULL,NULL,NULL,NULL,NULL,NULL,'{\"wall\": \"wall_wood\", \"banner\": \"banner_classic\", \"lights\": \"lights_spot\"}','{\"theme\": \"colorful\", \"wallColor\": \"iwall_peach\", \"floorColor\": \"ifloor_wood\"}',NULL,0,0,0,0,0,0,0.00,0.00,0.00,1,NULL,0,NULL,1,NULL,'2026-06-10 00:45:25',10,NULL,0.00,0,70,22.00,1227,23,22,4.9,NULL,0,NULL,NULL,NULL,'2026-06-10 23:22:11','2026-06-11 00:45:40');
/*!40000 ALTER TABLE `aipreneur_business` ENABLE KEYS */;
/*!40103 SET TIME_ZONE=@OLD_TIME_ZONE */;

/*!40101 SET SQL_MODE=@OLD_SQL_MODE */;
/*!40014 SET FOREIGN_KEY_CHECKS=@OLD_FOREIGN_KEY_CHECKS */;
/*!40014 SET UNIQUE_CHECKS=@OLD_UNIQUE_CHECKS */;
/*!40101 SET CHARACTER_SET_CLIENT=@OLD_CHARACTER_SET_CLIENT */;
/*!40101 SET CHARACTER_SET_RESULTS=@OLD_CHARACTER_SET_RESULTS */;
/*!40101 SET COLLATION_CONNECTION=@OLD_COLLATION_CONNECTION */;
/*!40111 SET SQL_NOTES=@OLD_SQL_NOTES */;


SET FOREIGN_KEY_CHECKS=1;
